Customer ID,KMeans,DBSCAN,Hierarchical
12346.0,2,-1,0
12347.0,2,0,0
12348.0,0,0,2
12349.0,0,0,0
12350.0,1,0,1
12351.0,1,0,1
12352.0,2,0,0
12353.0,1,0,1
12354.0,1,0,1
12355.0,1,0,1
12356.0,2,0,0
12357.0,2,0,0
12358.0,2,0,0
12359.0,2,0,0
12360.0,2,0,0
12361.0,1,0,1
12362.0,2,0,0
12363.0,1,0,1
12364.0,0,0,0
12365.0,1,0,1
12366.0,1,0,1
12367.0,0,0,1
12368.0,1,0,1
12369.0,0,0,2
12370.0,0,0,0
12371.0,0,0,2
12372.0,0,0,2
12373.0,1,0,1
12374.0,0,0,0
12375.0,0,0,1
12376.0,1,0,1
12377.0,0,0,2
12378.0,0,0,2
12379.0,0,0,2
12380.0,2,0,0
12381.0,0,0,0
12383.0,0,0,2
12384.0,0,0,1
12385.0,1,0,1
12386.0,1,0,1
12387.0,1,0,1
12388.0,2,0,0
12389.0,1,0,1
12390.0,1,0,1
12391.0,0,0,0
12392.0,1,0,1
12393.0,0,0,2
12394.0,0,0,1
12395.0,2,0,0
12396.0,1,0,1
12397.0,0,0,0
12398.0,0,0,1
12399.0,0,0,2
12400.0,1,0,1
12401.0,1,0,1
12402.0,0,0,2
12403.0,0,0,1
12404.0,1,0,1
12405.0,1,0,1
12406.0,2,0,0
12407.0,0,0,2
12408.0,2,0,0
12409.0,2,0,0
12410.0,1,0,1
12411.0,1,0,1
12412.0,0,0,2
12413.0,0,0,2
12414.0,0,0,2
12415.0,2,-1,0
12416.0,1,0,1
12417.0,2,0,0
12418.0,0,0,2
12419.0,1,0,1
12420.0,1,0,1
12421.0,0,0,0
12422.0,2,0,0
12423.0,2,0,0
12424.0,0,0,2
12425.0,0,0,2
12426.0,0,0,1
12427.0,0,0,0
12428.0,2,0,0
12429.0,2,0,0
12430.0,1,0,1
12431.0,2,0,0
12432.0,0,0,2
12433.0,2,0,0
12434.0,0,0,2
12435.0,2,0,0
12436.0,1,0,1
12437.0,2,0,0
12438.0,0,0,0
12439.0,1,0,1
12440.0,1,0,1
12441.0,1,0,1
12442.0,0,0,1
12443.0,1,0,1
12444.0,2,0,0
12445.0,0,0,1
12446.0,0,0,1
12447.0,1,0,1
12448.0,1,0,1
12449.0,2,0,0
12450.0,0,0,2
12451.0,2,0,0
12452.0,0,0,1
12453.0,1,0,1
12454.0,2,0,0
12455.0,2,0,0
12456.0,0,0,2
12457.0,0,0,0
12458.0,0,0,2
12459.0,1,0,1
12460.0,1,0,1
12461.0,0,0,1
12462.0,0,0,0
12463.0,0,0,2
12464.0,0,0,0
12465.0,0,0,1
12466.0,1,0,1
12467.0,1,0,1
12468.0,0,0,2
12469.0,1,0,2
12470.0,1,0,1
12471.0,2,-1,0
12472.0,2,0,0
12473.0,0,0,0
12474.0,2,0,0
12475.0,0,0,1
12476.0,2,0,0
12477.0,2,0,0
12478.0,0,0,1
12479.0,0,0,1
12480.0,2,0,0
12481.0,2,0,0
12482.0,2,-1,0
12483.0,2,0,0
12484.0,2,0,0
12485.0,1,0,1
12486.0,1,0,1
12487.0,1,0,1
12488.0,0,0,0
12489.0,1,0,1
12490.0,2,0,0
12491.0,1,0,1
12492.0,0,0,1
12493.0,1,0,1
12494.0,2,0,0
12495.0,1,0,1
12496.0,1,0,1
12497.0,0,0,2
12498.0,0,0,1
12499.0,1,0,1
12500.0,2,0,0
12501.0,1,0,1
12502.0,0,0,2
12503.0,1,0,1
12504.0,0,0,0
12505.0,1,0,1
12506.0,1,0,1
12507.0,0,0,2
12508.0,0,0,1
12509.0,1,0,1
12510.0,0,0,0
12511.0,1,0,1
12512.0,1,0,1
12513.0,1,0,1
12514.0,1,0,1
12515.0,1,0,1
12516.0,0,0,2
12517.0,0,0,0
12518.0,2,0,0
12519.0,0,0,1
12520.0,0,0,2
12521.0,1,0,1
12522.0,1,0,1
12523.0,2,0,0
12524.0,2,0,0
12525.0,1,0,1
12526.0,0,0,0
12527.0,0,0,2
12528.0,0,0,0
12529.0,1,0,1
12530.0,2,0,0
12531.0,0,0,0
12532.0,1,0,1
12533.0,1,0,1
12534.0,1,0,1
12535.0,0,0,1
12536.0,0,0,0
12537.0,1,0,1
12538.0,0,0,1
12539.0,2,0,0
12540.0,2,0,0
12541.0,0,0,0
12542.0,1,0,1
12543.0,1,0,1
12544.0,1,0,1
12545.0,0,0,1
12546.0,0,0,1
12547.0,1,0,1
12548.0,1,0,1
12549.0,0,0,2
12550.0,1,0,1
12551.0,1,0,1
12552.0,0,0,1
12553.0,2,0,0
12554.0,1,0,1
12555.0,1,0,1
12556.0,0,0,1
12557.0,2,0,0
12558.0,0,0,1
12559.0,1,0,1
12560.0,0,0,0
12561.0,1,0,1
12562.0,2,0,0
12563.0,1,0,1
12564.0,1,0,1
12565.0,1,0,1
12566.0,1,0,1
12567.0,2,0,0
12568.0,1,0,1
12569.0,2,0,0
12570.0,1,0,1
12571.0,0,0,1
12572.0,0,0,0
12573.0,0,0,2
12574.0,1,0,1
12575.0,1,0,1
12576.0,0,0,0
12577.0,0,0,0
12578.0,0,0,0
12579.0,1,0,1
12580.0,1,0,1
12581.0,1,0,1
12582.0,0,0,2
12583.0,2,0,0
12584.0,2,0,0
12585.0,0,0,1
12586.0,0,0,0
12587.0,0,0,1
12588.0,0,0,0
12589.0,2,0,0
12590.0,0,0,2
12591.0,0,0,1
12592.0,0,0,2
12593.0,0,0,1
12594.0,2,0,0
12595.0,1,0,1
12596.0,0,0,1
12597.0,0,0,0
12598.0,2,0,0
12599.0,2,0,0
12600.0,2,0,0
12601.0,0,0,2
12602.0,1,0,1
12603.0,0,0,1
12604.0,1,0,1
12605.0,0,0,2
12606.0,1,0,1
12607.0,0,0,1
12608.0,1,0,1
12609.0,0,0,0
12610.0,0,0,0
12611.0,0,0,1
12612.0,1,0,1
12613.0,2,0,0
12614.0,1,0,1
12615.0,2,0,0
12616.0,0,0,2
12617.0,1,0,1
12618.0,1,0,1
12619.0,2,0,0
12620.0,0,0,0
12621.0,2,0,0
12622.0,1,0,1
12623.0,0,0,2
12624.0,1,0,1
12625.0,0,0,2
12626.0,2,0,0
12627.0,2,0,0
12628.0,0,0,0
12629.0,1,0,1
12630.0,0,0,0
12631.0,0,0,2
12632.0,1,0,1
12633.0,2,0,0
12634.0,1,0,1
12635.0,0,0,2
12636.0,1,0,1
12637.0,2,0,0
12638.0,0,0,1
12639.0,0,0,1
12640.0,0,0,0
12641.0,1,0,1
12642.0,0,0,0
12643.0,2,0,0
12644.0,0,0,2
12645.0,2,0,0
12646.0,0,0,0
12647.0,2,0,0
12648.0,0,0,2
12649.0,0,0,2
12650.0,0,0,1
12651.0,1,0,1
12652.0,1,0,1
12653.0,0,0,2
12654.0,0,0,0
12655.0,1,0,1
12656.0,2,0,0
12657.0,0,0,0
12658.0,0,0,1
12659.0,1,0,1
12660.0,0,0,1
12661.0,1,0,1
12662.0,2,0,0
12663.0,1,0,1
12664.0,2,0,0
12665.0,1,0,1
12666.0,1,0,1
12667.0,1,0,1
12668.0,2,0,0
12669.0,0,0,2
12670.0,2,0,0
12671.0,1,0,1
12672.0,1,0,1
12673.0,0,0,0
12674.0,0,0,2
12675.0,1,0,1
12676.0,2,0,0
12677.0,1,0,1
12678.0,2,0,0
12679.0,0,0,2
12680.0,0,0,0
12681.0,2,0,0
12682.0,2,0,0
12683.0,2,0,0
12684.0,2,0,0
12685.0,0,0,0
12686.0,1,0,1
12687.0,1,0,1
12688.0,0,0,2
12689.0,0,0,0
12690.0,1,0,1
12691.0,0,0,0
12692.0,1,0,1
12693.0,0,0,2
12694.0,0,0,2
12695.0,0,0,0
12696.0,1,0,1
12697.0,0,0,0
12698.0,1,0,1
12699.0,1,0,1
12700.0,2,0,0
12701.0,0,0,2
12702.0,1,0,1
12703.0,0,0,2
12704.0,2,0,0
12705.0,2,0,0
12707.0,1,0,1
12708.0,2,0,0
12709.0,2,0,0
12710.0,0,0,2
12711.0,1,0,1
12712.0,2,0,0
12713.0,0,0,0
12714.0,2,0,0
12715.0,1,0,1
12716.0,0,0,0
12717.0,0,0,2
12718.0,1,0,1
12719.0,0,0,0
12720.0,2,0,0
12721.0,2,0,0
12722.0,0,0,2
12723.0,0,0,0
12724.0,2,0,0
12725.0,0,0,2
12726.0,2,0,0
12727.0,2,0,0
12728.0,0,0,2
12729.0,1,0,1
12730.0,1,0,1
12731.0,2,0,0
12732.0,1,0,1
12733.0,0,0,2
12734.0,1,0,1
12735.0,1,0,1
12736.0,1,0,1
12737.0,0,0,2
12738.0,1,0,1
12739.0,0,0,2
12740.0,1,0,1
12741.0,1,0,1
12742.0,1,0,1
12743.0,1,0,1
12744.0,2,0,0
12745.0,1,0,1
12746.0,1,0,1
12747.0,2,0,0
12748.0,2,-1,0
12749.0,2,0,0
12750.0,1,0,1
12751.0,1,0,1
12752.0,0,0,2
12753.0,2,0,0
12754.0,0,0,2
12755.0,2,0,2
12756.0,1,0,1
12757.0,2,0,0
12758.0,2,0,0
12759.0,2,0,0
12760.0,1,0,1
12761.0,1,0,1
12762.0,0,0,0
12763.0,1,0,1
12764.0,1,0,1
12765.0,0,0,2
12766.0,2,0,0
12767.0,1,0,1
12768.0,1,0,1
12769.0,1,0,1
12770.0,0,0,2
12771.0,1,0,1
12772.0,0,0,1
12773.0,1,0,1
12774.0,1,0,1
12775.0,0,0,0
12776.0,1,0,1
12777.0,1,0,1
12778.0,0,0,0
12779.0,2,0,0
12780.0,1,0,1
12781.0,0,0,1
12782.0,2,0,0
12783.0,2,0,0
12784.0,0,0,0
12785.0,1,0,1
12786.0,1,0,1
12787.0,0,0,0
12788.0,1,0,1
12789.0,0,0,1
12790.0,1,0,1
12791.0,0,0,2
12792.0,1,0,1
12793.0,1,0,1
12794.0,0,0,1
12795.0,0,0,1
12796.0,1,0,1
12797.0,1,0,1
12798.0,2,0,0
12799.0,1,0,1
12800.0,1,0,1
12801.0,1,0,1
12802.0,0,0,2
12803.0,1,0,1
12804.0,1,0,1
12805.0,0,0,2
12806.0,0,0,2
12807.0,1,0,1
12808.0,0,0,0
12809.0,0,0,2
12810.0,1,0,1
12811.0,0,0,2
12812.0,1,0,1
12813.0,1,0,2
12814.0,1,0,1
12815.0,0,0,1
12816.0,1,0,1
12817.0,1,0,1
12818.0,1,0,1
12819.0,1,0,1
12820.0,2,0,0
12821.0,1,0,1
12822.0,0,0,1
12823.0,2,0,0
12824.0,1,0,1
12825.0,1,0,1
12826.0,2,0,0
12827.0,0,0,0
12828.0,0,0,0
12829.0,1,0,1
12830.0,2,0,0
12831.0,1,0,1
12832.0,0,0,1
12833.0,1,0,1
12834.0,1,0,1
12835.0,2,-1,0
12836.0,2,0,0
12837.0,1,0,1
12838.0,2,0,0
12839.0,2,0,0
12840.0,0,0,0
12841.0,2,0,0
12842.0,0,0,2
12843.0,2,0,0
12844.0,0,0,0
12845.0,1,0,1
12846.0,1,0,1
12847.0,0,0,0
12848.0,1,0,1
12849.0,0,0,0
12850.0,1,0,1
12851.0,1,0,1
12852.0,1,0,1
12853.0,0,0,0
12854.0,0,0,0
12855.0,1,0,1
12856.0,2,0,0
12857.0,0,0,2
12858.0,1,0,1
12859.0,1,0,1
12860.0,1,0,1
12861.0,1,0,1
12862.0,1,0,1
12863.0,0,0,2
12864.0,1,0,1
12865.0,0,0,0
12866.0,0,0,1
12867.0,2,0,0
12868.0,0,0,2
12869.0,1,0,1
12870.0,0,0,2
12871.0,0,0,1
12872.0,0,0,2
12873.0,0,0,2
12874.0,1,0,1
12875.0,0,0,2
12876.0,0,0,2
12877.0,2,0,0
12878.0,1,0,1
12879.0,0,0,1
12880.0,1,0,1
12881.0,1,0,1
12882.0,0,0,0
12883.0,0,0,0
12884.0,1,0,1
12885.0,0,0,2
12886.0,0,0,1
12887.0,1,0,1
12888.0,1,0,1
12889.0,1,0,1
12890.0,0,0,0
12891.0,0,0,2
12892.0,1,0,1
12893.0,1,0,1
12894.0,1,0,1
12895.0,0,0,1
12897.0,0,0,1
12898.0,1,0,1
12899.0,1,0,1
12900.0,1,0,1
12901.0,2,0,0
12902.0,1,0,1
12903.0,1,0,1
12904.0,0,0,1
12905.0,1,0,1
12906.0,0,0,0
12907.0,1,0,1
12908.0,0,0,2
12909.0,0,0,0
12910.0,2,0,0
12911.0,1,0,1
12912.0,0,0,0
12913.0,2,0,0
12914.0,1,0,1
12915.0,0,0,2
12916.0,0,0,0
12917.0,0,0,0
12918.0,0,0,2
12919.0,0,0,0
12920.0,0,0,0
12921.0,2,-1,0
12922.0,1,0,1
12923.0,0,0,1
12924.0,0,0,0
12925.0,0,0,0
12926.0,0,0,2
12927.0,1,0,1
12928.0,2,0,0
12929.0,1,0,1
12930.0,1,0,1
12931.0,2,-1,0
12932.0,0,0,2
12933.0,0,0,0
12934.0,1,0,1
12935.0,2,0,0
12936.0,0,0,0
12937.0,2,0,0
12938.0,1,0,1
12939.0,2,0,0
12940.0,0,0,1
12941.0,1,0,1
12942.0,0,0,2
12943.0,1,0,1
12944.0,0,0,1
12945.0,1,0,1
12946.0,1,0,1
12947.0,0,0,2
12948.0,2,0,0
12949.0,2,0,0
12950.0,0,0,0
12951.0,2,0,0
12952.0,0,0,0
12953.0,0,0,0
12954.0,1,0,1
12955.0,2,0,0
12956.0,1,0,1
12957.0,2,0,0
12958.0,1,0,1
12959.0,1,0,1
12960.0,0,0,2
12961.0,1,0,1
12962.0,0,0,1
12963.0,2,0,0
12964.0,1,0,1
12965.0,1,0,1
12966.0,0,0,1
12967.0,0,0,2
12968.0,1,0,1
12969.0,1,0,1
12970.0,2,0,0
12971.0,2,0,0
12972.0,0,0,2
12973.0,1,0,1
12974.0,1,0,1
12975.0,0,0,2
12976.0,0,0,2
12977.0,0,0,2
12978.0,0,0,2
12979.0,1,0,1
12980.0,2,0,0
12981.0,0,0,1
12982.0,0,0,2
12983.0,1,0,1
12984.0,1,0,1
12985.0,0,0,0
12986.0,0,0,2
12987.0,0,0,2
12988.0,1,0,1
12989.0,2,0,0
12990.0,0,0,0
12991.0,0,0,0
12992.0,1,0,1
12993.0,0,0,0
12994.0,0,0,0
12995.0,1,0,1
12996.0,1,0,1
12997.0,0,0,0
12998.0,1,0,1
12999.0,1,0,1
13000.0,0,0,2
13001.0,2,0,0
13002.0,1,0,1
13003.0,1,0,1
13004.0,2,0,0
13005.0,0,0,2
13006.0,1,0,1
13007.0,1,0,1
13008.0,1,0,1
13009.0,1,0,1
13010.0,1,0,1
13011.0,1,0,1
13012.0,2,0,0
13013.0,2,0,0
13014.0,2,0,0
13015.0,2,0,0
13016.0,0,0,1
13017.0,0,0,1
13018.0,2,0,0
13019.0,0,0,2
13020.0,1,0,1
13021.0,2,0,0
13022.0,1,0,1
13023.0,0,0,2
13024.0,1,0,1
13025.0,1,0,1
13026.0,2,0,0
13027.0,2,0,0
13028.0,0,0,1
13029.0,0,0,0
13030.0,0,0,0
13031.0,0,0,2
13032.0,0,0,0
13033.0,1,0,1
13034.0,0,0,1
13035.0,0,0,2
13036.0,1,0,1
13037.0,2,0,0
13038.0,0,0,2
13039.0,1,0,2
13040.0,0,0,0
13041.0,1,0,1
13042.0,1,0,2
13043.0,1,0,1
13044.0,0,0,2
13045.0,0,0,1
13046.0,0,0,0
13047.0,2,0,0
13048.0,2,0,0
13049.0,0,0,2
13050.0,2,0,0
13051.0,1,0,1
13052.0,0,0,2
13053.0,1,0,1
13055.0,0,0,2
13056.0,1,0,1
13057.0,1,0,1
13058.0,0,0,1
13059.0,0,0,2
13060.0,1,0,1
13061.0,1,0,1
13062.0,1,0,1
13063.0,1,0,1
13064.0,0,0,0
13065.0,0,0,2
13066.0,0,0,1
13067.0,0,0,1
13068.0,0,0,1
13069.0,2,0,0
13070.0,0,0,2
13071.0,1,0,1
13072.0,1,0,1
13073.0,1,0,1
13074.0,0,0,2
13075.0,1,0,1
13076.0,1,0,1
13077.0,2,0,0
13078.0,2,0,0
13079.0,0,0,0
13080.0,1,0,1
13081.0,2,0,0
13082.0,2,0,0
13083.0,0,0,0
13084.0,1,0,1
13085.0,0,0,0
13086.0,1,0,1
13087.0,1,0,1
13088.0,1,0,1
13089.0,2,-1,0
13090.0,2,0,0
13091.0,0,0,0
13092.0,0,0,0
13093.0,2,-1,0
13094.0,2,0,0
13095.0,1,0,1
13096.0,1,0,1
13097.0,2,0,0
13098.0,2,0,0
13099.0,1,0,1
13101.0,0,0,1
13102.0,2,0,0
13103.0,0,0,1
13104.0,2,0,0
13105.0,1,0,1
13106.0,1,0,1
13107.0,2,0,0
13108.0,1,0,1
13109.0,0,0,2
13110.0,2,0,0
13111.0,1,0,1
13112.0,1,0,1
13113.0,2,0,0
13114.0,1,0,1
13115.0,2,0,0
13116.0,1,0,1
13117.0,2,0,0
13118.0,2,0,0
13119.0,1,0,1
13120.0,1,0,1
13121.0,1,0,1
13122.0,0,0,1
13123.0,1,0,1
13124.0,0,0,2
13125.0,1,0,1
13126.0,2,0,0
13127.0,1,0,1
13128.0,1,0,1
13129.0,1,0,1
13130.0,1,0,1
13131.0,2,0,0
13132.0,1,0,1
13133.0,1,0,1
13134.0,0,0,2
13135.0,0,0,2
13136.0,2,0,0
13137.0,2,0,0
13138.0,0,0,0
13139.0,2,0,0
13140.0,0,0,2
13141.0,2,0,0
13142.0,0,0,1
13143.0,1,0,1
13144.0,1,0,1
13145.0,0,0,0
13146.0,1,0,1
13147.0,0,0,0
13148.0,2,0,0
13149.0,0,0,0
13150.0,1,0,1
13151.0,0,0,2
13152.0,0,0,2
13153.0,0,0,1
13154.0,0,0,2
13155.0,0,0,0
13156.0,0,0,2
13157.0,2,0,0
13158.0,0,0,2
13159.0,0,0,0
13160.0,1,0,1
13161.0,1,0,1
13162.0,2,0,0
13163.0,1,0,1
13164.0,1,0,1
13165.0,0,0,2
13166.0,1,0,1
13167.0,0,0,0
13168.0,0,0,2
13169.0,0,0,1
13170.0,1,0,1
13171.0,0,0,1
13172.0,1,0,1
13173.0,2,0,0
13174.0,2,0,0
13175.0,1,0,1
13176.0,1,0,1
13177.0,0,0,1
13178.0,2,0,0
13179.0,1,0,1
13180.0,1,0,1
13181.0,1,0,1
13182.0,1,0,1
13183.0,2,0,0
13184.0,2,0,0
13185.0,1,0,1
13186.0,0,0,0
13187.0,1,0,1
13188.0,1,0,1
13189.0,0,0,1
13190.0,1,0,1
13191.0,1,0,1
13192.0,0,0,2
13193.0,1,0,1
13194.0,1,0,1
13195.0,1,0,1
13196.0,2,0,0
13197.0,1,0,1
13198.0,2,0,0
13199.0,2,0,0
13200.0,0,0,0
13201.0,0,0,2
13202.0,0,0,2
13203.0,2,0,0
13204.0,1,0,1
13205.0,1,0,1
13206.0,2,0,2
13207.0,0,0,0
13208.0,0,0,2
13209.0,2,0,0
13210.0,1,0,1
13211.0,2,0,0
13212.0,0,0,0
13213.0,2,0,0
13214.0,0,0,2
13215.0,1,0,1
13216.0,1,0,1
13217.0,0,0,2
13218.0,1,0,1
13219.0,1,0,1
13220.0,0,0,2
13221.0,1,0,1
13222.0,1,0,1
13223.0,0,0,2
13224.0,0,0,2
13225.0,2,0,0
13226.0,1,0,1
13227.0,1,0,1
13228.0,1,0,1
13229.0,1,0,1
13230.0,2,0,0
13232.0,0,0,0
13233.0,0,0,2
13234.0,1,0,1
13235.0,1,0,1
13236.0,0,0,0
13237.0,1,0,1
13238.0,0,0,0
13239.0,0,0,2
13240.0,0,0,2
13241.0,1,0,1
13242.0,0,0,2
13243.0,0,0,2
13244.0,1,0,1
13245.0,0,0,1
13246.0,2,0,0
13247.0,0,0,0
13248.0,1,0,1
13249.0,0,0,2
13250.0,1,0,1
13251.0,1,0,1
13252.0,1,0,1
13253.0,0,0,2
13254.0,1,0,1
13255.0,0,0,0
13257.0,1,0,1
13258.0,0,0,0
13259.0,0,0,2
13260.0,1,0,1
13261.0,1,0,1
13262.0,1,0,1
13263.0,2,0,0
13264.0,1,0,1
13265.0,0,0,2
13266.0,2,0,0
13267.0,2,0,0
13268.0,2,0,0
13269.0,2,0,0
13270.0,1,0,1
13271.0,1,0,1
13272.0,0,0,1
13273.0,1,0,1
13274.0,1,0,1
13275.0,1,0,1
13276.0,0,0,2
13277.0,0,0,0
13278.0,0,0,2
13279.0,1,0,1
13280.0,0,0,2
13281.0,1,0,1
13282.0,0,0,0
13283.0,0,0,1
13284.0,1,0,1
13285.0,0,0,0
13286.0,1,0,1
13287.0,1,0,1
13288.0,0,0,2
13289.0,1,0,1
13290.0,1,0,1
13291.0,0,0,0
13292.0,0,0,0
13293.0,0,0,2
13294.0,0,0,2
13295.0,0,0,2
13296.0,0,0,2
13297.0,2,0,0
13298.0,0,0,0
13299.0,0,0,1
13300.0,0,0,2
13301.0,0,0,1
13302.0,1,0,1
13303.0,1,0,1
13304.0,0,0,2
13305.0,2,0,0
13306.0,1,0,1
13307.0,1,0,1
13308.0,0,0,0
13309.0,0,0,0
13310.0,0,0,0
13311.0,0,0,0
13312.0,1,0,1
13313.0,2,0,0
13314.0,0,0,0
13315.0,1,0,1
13316.0,2,0,0
13317.0,2,0,0
13318.0,0,0,0
13319.0,2,0,0
13320.0,0,0,2
13321.0,0,0,1
13322.0,1,0,1
13323.0,0,0,0
13324.0,2,0,0
13325.0,1,0,1
13326.0,1,0,1
13327.0,2,0,0
13328.0,1,0,1
13329.0,2,0,0
13330.0,0,0,2
13331.0,1,0,1
13332.0,0,0,1
13333.0,1,0,1
13334.0,0,0,0
13336.0,1,0,1
13337.0,1,0,1
13338.0,0,0,2
13339.0,1,0,1
13340.0,2,0,0
13341.0,1,0,1
13343.0,1,0,1
13344.0,0,0,2
13345.0,1,0,1
13346.0,1,0,1
13347.0,1,0,1
13348.0,1,0,1
13349.0,0,0,1
13350.0,0,0,0
13351.0,1,0,1
13352.0,1,0,1
13354.0,1,0,1
13355.0,1,0,1
13356.0,1,0,1
13357.0,0,0,2
13358.0,1,0,1
13359.0,0,0,1
13360.0,0,0,2
13361.0,1,0,1
13362.0,2,0,0
13363.0,0,0,0
13364.0,1,0,1
13365.0,0,0,0
13366.0,1,0,1
13367.0,1,0,1
13368.0,0,0,2
13369.0,1,0,1
13370.0,1,0,1
13371.0,1,0,2
13372.0,1,0,1
13373.0,2,0,0
13374.0,1,0,1
13375.0,0,0,2
13376.0,0,0,1
13377.0,1,0,1
13379.0,0,0,0
13380.0,1,0,1
13381.0,2,0,0
13382.0,0,0,2
13383.0,1,0,1
13384.0,2,0,0
13385.0,1,0,1
13386.0,1,0,1
13387.0,1,0,1
13388.0,0,0,2
13389.0,0,0,0
13390.0,1,0,1
13391.0,1,0,1
13392.0,1,0,1
13393.0,1,0,2
13394.0,2,0,0
13395.0,0,0,2
13396.0,0,0,0
13397.0,0,0,0
13398.0,1,0,1
13399.0,1,0,1
13400.0,1,0,1
13402.0,0,0,2
13403.0,0,0,1
13404.0,0,0,0
13405.0,0,0,2
13406.0,1,0,1
13407.0,0,0,2
13408.0,2,-1,0
13410.0,2,0,0
13411.0,1,0,1
13412.0,1,0,1
13413.0,1,0,1
13414.0,0,0,2
13415.0,1,0,1
13416.0,0,0,0
13417.0,0,0,0
13418.0,2,0,0
13419.0,1,0,1
13420.0,1,0,1
13421.0,2,0,0
13422.0,0,0,1
13423.0,1,0,1
13424.0,1,0,1
13425.0,0,0,2
13426.0,2,0,0
13427.0,0,0,0
13428.0,0,0,0
13429.0,0,0,0
13430.0,0,0,1
13431.0,0,0,0
13432.0,1,0,1
13433.0,1,0,1
13434.0,0,0,2
13435.0,2,0,0
13436.0,0,0,1
13437.0,2,0,0
13438.0,1,0,1
13439.0,0,0,1
13440.0,0,0,2
13441.0,0,0,1
13442.0,1,0,1
13443.0,0,0,2
13444.0,1,0,1
13445.0,1,0,1
13446.0,0,0,2
13447.0,0,0,0
13448.0,2,0,0
13449.0,1,0,1
13450.0,2,0,0
13451.0,2,0,0
13452.0,1,0,1
13453.0,0,0,2
13454.0,1,0,1
13455.0,0,0,0
13456.0,0,0,0
13457.0,1,0,1
13458.0,2,0,0
13459.0,1,0,1
13460.0,1,0,1
13461.0,0,0,0
13462.0,0,0,2
13464.0,0,0,2
13465.0,1,0,1
13466.0,0,0,2
13467.0,0,0,0
13468.0,2,0,0
13469.0,1,0,1
13470.0,1,0,1
13471.0,2,0,0
13472.0,1,0,1
13473.0,0,0,0
13474.0,1,0,1
13475.0,0,0,2
13476.0,0,0,2
13477.0,2,0,0
13478.0,0,0,2
13479.0,0,0,2
13480.0,1,0,1
13481.0,2,0,0
13482.0,1,0,1
13483.0,1,0,1
13484.0,1,0,1
13485.0,0,0,2
13486.0,0,0,2
13487.0,0,0,2
13488.0,2,0,0
13489.0,0,0,1
13490.0,1,0,1
13491.0,2,0,0
13492.0,0,0,2
13493.0,1,0,1
13494.0,1,0,1
13495.0,2,0,0
13496.0,0,0,0
13497.0,0,0,2
13498.0,1,0,1
13499.0,0,0,0
13500.0,0,0,0
13501.0,0,0,2
13502.0,0,0,0
13503.0,0,0,2
13504.0,1,0,1
13505.0,0,0,2
13506.0,0,0,2
13507.0,2,0,0
13508.0,1,0,1
13509.0,0,0,0
13510.0,2,0,0
13511.0,1,0,1
13512.0,0,0,1
13513.0,0,0,2
13514.0,0,0,2
13515.0,0,0,2
13516.0,0,0,0
13517.0,0,0,2
13518.0,1,0,1
13519.0,1,0,1
13520.0,2,0,0
13521.0,0,0,0
13522.0,1,0,1
13523.0,2,0,0
13524.0,0,0,0
13525.0,0,0,1
13526.0,1,0,1
13527.0,2,0,0
13529.0,1,0,1
13530.0,1,0,1
13531.0,0,0,2
13532.0,1,0,1
13533.0,1,0,1
13534.0,2,0,0
13535.0,1,0,1
13536.0,2,0,0
13537.0,1,0,1
13538.0,2,0,0
13539.0,0,0,2
13540.0,1,0,1
13541.0,1,0,1
13542.0,2,0,2
13543.0,1,0,1
13544.0,0,0,0
13545.0,1,0,1
13546.0,0,0,0
13547.0,1,0,1
13548.0,0,0,1
13549.0,0,0,0
13550.0,1,0,1
13551.0,1,0,1
13552.0,2,0,0
13553.0,1,0,1
13554.0,0,0,2
13555.0,2,0,0
13556.0,1,0,1
13557.0,2,0,0
13558.0,0,0,0
13559.0,1,0,1
13560.0,0,0,1
13561.0,0,0,2
13562.0,0,0,0
13563.0,0,0,1
13564.0,2,-1,0
13565.0,0,0,1
13566.0,0,0,2
13567.0,0,0,2
13568.0,1,0,1
13569.0,0,0,0
13570.0,1,0,1
13571.0,2,0,0
13572.0,1,0,1
13573.0,0,0,2
13574.0,1,0,1
13575.0,0,0,0
13576.0,2,0,0
13577.0,2,0,0
13578.0,1,0,1
13579.0,0,0,0
13580.0,1,0,1
13581.0,1,0,1
13582.0,1,0,1
13583.0,0,0,2
13584.0,1,0,1
13585.0,1,0,1
13586.0,1,0,1
13587.0,0,0,2
13588.0,2,0,0
13589.0,0,0,0
13590.0,2,0,0
13591.0,0,0,2
13592.0,0,0,1
13593.0,2,0,0
13594.0,0,0,1
13595.0,1,0,1
13596.0,0,0,0
13597.0,1,0,1
13598.0,0,0,2
13599.0,2,0,0
13600.0,1,0,1
13601.0,0,0,2
13602.0,0,0,2
13603.0,1,0,1
13604.0,1,0,1
13605.0,1,0,1
13606.0,0,0,1
13607.0,0,0,1
13608.0,1,0,1
13609.0,1,0,1
13610.0,2,0,0
13611.0,0,0,0
13612.0,1,0,1
13613.0,0,0,2
13614.0,0,0,0
13615.0,0,0,2
13616.0,1,0,1
13617.0,0,0,0
13618.0,1,0,1
13619.0,1,0,1
13620.0,1,0,1
13621.0,1,0,1
13622.0,1,0,1
13623.0,2,0,0
13624.0,1,0,1
13625.0,1,0,1
13626.0,1,0,1
13627.0,0,0,2
13628.0,1,0,1
13629.0,2,0,0
13630.0,2,0,0
13631.0,0,0,0
13632.0,2,0,0
13634.0,2,0,0
13635.0,0,0,2
13636.0,0,0,0
13637.0,0,0,1
13638.0,1,0,1
13639.0,0,0,1
13640.0,1,0,1
13641.0,1,0,2
13642.0,1,0,1
13643.0,2,0,0
13644.0,0,0,0
13645.0,1,0,1
13646.0,1,0,1
13647.0,2,0,0
13648.0,0,0,2
13649.0,0,0,2
13650.0,2,0,0
13651.0,0,0,1
13652.0,0,0,2
13653.0,1,0,1
13654.0,2,0,0
13655.0,0,0,2
13656.0,0,0,2
13657.0,0,0,1
13658.0,2,0,0
13659.0,2,0,0
13660.0,1,0,1
13661.0,1,0,1
13662.0,0,0,0
13663.0,0,0,2
13665.0,0,0,2
13666.0,0,0,1
13667.0,1,0,1
13668.0,2,0,0
13669.0,0,0,1
13670.0,1,0,1
13671.0,1,0,1
13672.0,1,0,1
13673.0,0,0,1
13674.0,1,0,1
13675.0,1,0,1
13676.0,1,0,1
13677.0,1,0,1
13678.0,1,0,1
13679.0,1,0,1
13680.0,2,0,0
13681.0,0,0,0
13682.0,1,0,1
13683.0,1,0,1
13684.0,1,0,1
13685.0,2,0,0
13686.0,1,0,1
13687.0,0,0,2
13688.0,1,0,1
13689.0,0,0,1
13690.0,1,0,1
13691.0,1,0,1
13692.0,0,0,0
13693.0,0,0,2
13694.0,2,-1,0
13695.0,2,0,0
13696.0,0,0,2
13697.0,1,0,1
13698.0,1,0,1
13699.0,1,0,1
13700.0,2,0,0
13701.0,1,0,1
13702.0,1,0,1
13703.0,1,0,1
13704.0,2,0,0
13705.0,2,0,0
13706.0,1,0,1
13707.0,0,0,2
13708.0,1,0,1
13709.0,2,0,0
13710.0,0,0,1
13711.0,0,0,2
13712.0,1,0,1
13713.0,1,0,1
13714.0,1,0,1
13715.0,2,0,2
13716.0,1,0,1
13717.0,0,0,0
13718.0,1,0,1
13719.0,2,0,0
13720.0,0,0,2
13721.0,0,0,1
13722.0,2,0,0
13723.0,0,0,2
13724.0,1,0,1
13725.0,0,0,2
13726.0,0,0,1
13727.0,0,0,0
13728.0,2,0,0
13729.0,1,0,1
13730.0,1,0,1
13731.0,1,0,1
13732.0,0,0,1
13733.0,1,0,1
13734.0,0,0,2
13735.0,2,0,0
13736.0,2,0,0
13737.0,1,0,1
13738.0,1,0,1
13739.0,0,0,1
13740.0,0,0,2
13741.0,0,0,1
13742.0,2,0,0
13743.0,2,0,0
13744.0,0,0,1
13745.0,1,0,1
13746.0,1,0,1
13747.0,1,0,1
13748.0,0,0,2
13750.0,2,0,0
13751.0,1,0,1
13752.0,0,0,2
13753.0,0,0,2
13754.0,1,0,1
13755.0,2,0,0
13756.0,2,0,0
13757.0,1,0,1
13758.0,2,0,0
13759.0,0,0,1
13760.0,0,0,2
13761.0,0,0,2
13762.0,0,0,2
13763.0,0,0,2
13764.0,0,0,2
13765.0,1,0,1
13766.0,1,0,1
13767.0,2,0,0
13768.0,1,0,1
13769.0,2,0,0
13770.0,1,0,1
13771.0,2,0,0
13772.0,2,0,0
13773.0,1,0,1
13774.0,1,0,1
13775.0,1,0,1
13776.0,1,0,1
13777.0,2,-1,0
13778.0,0,0,2
13779.0,1,0,1
13780.0,0,0,0
13781.0,1,0,1
13782.0,2,0,0
13783.0,0,0,2
13784.0,2,0,0
13785.0,1,0,1
13786.0,0,0,2
13787.0,0,0,2
13788.0,1,-1,1
13789.0,1,0,1
13790.0,0,0,1
13791.0,0,0,2
13792.0,0,0,1
13793.0,1,0,1
13794.0,1,0,1
13795.0,1,0,1
13796.0,1,0,1
13797.0,1,0,1
13798.0,2,-1,0
13799.0,0,0,0
13800.0,0,0,2
13801.0,1,0,1
13802.0,2,-1,0
13803.0,0,0,1
13804.0,2,0,0
13805.0,0,0,1
13806.0,1,0,1
13807.0,1,0,1
13808.0,0,0,0
13809.0,1,0,1
13810.0,0,0,0
13811.0,0,0,2
13812.0,0,0,1
13813.0,0,0,0
13814.0,0,0,2
13815.0,2,0,0
13816.0,0,0,1
13817.0,0,0,1
13818.0,1,0,1
13819.0,0,0,2
13820.0,1,0,1
13821.0,0,0,2
13822.0,0,0,0
13823.0,2,0,0
13824.0,2,0,0
13825.0,1,0,1
13826.0,1,0,1
13827.0,0,0,1
13828.0,1,0,1
13829.0,1,0,1
13830.0,1,0,1
13831.0,2,0,0
13832.0,0,0,1
13833.0,1,0,1
13834.0,1,0,1
13835.0,0,0,0
13836.0,1,0,1
13837.0,1,0,1
13838.0,2,0,0
13839.0,1,0,1
13840.0,1,0,1
13841.0,1,0,1
13842.0,2,0,0
13843.0,1,0,1
13844.0,0,0,1
13845.0,1,0,1
13846.0,0,0,0
13847.0,1,0,1
13848.0,0,0,0
13849.0,0,0,2
13850.0,1,0,1
13851.0,0,0,0
13852.0,1,0,1
13853.0,0,0,1
13854.0,2,0,0
13855.0,0,0,2
13856.0,0,0,2
13857.0,0,0,2
13858.0,1,0,1
13859.0,1,0,1
13860.0,2,0,0
13861.0,1,0,1
13862.0,2,0,0
13863.0,0,0,2
13864.0,1,0,1
13865.0,0,0,1
13866.0,1,0,1
13867.0,0,0,0
13868.0,0,0,0
13869.0,2,0,0
13870.0,2,0,0
13871.0,2,0,0
13872.0,1,0,1
13873.0,0,0,2
13874.0,0,0,2
13875.0,2,0,0
13876.0,1,0,1
13877.0,0,0,1
13878.0,0,0,2
13879.0,1,0,1
13880.0,2,0,0
13881.0,2,0,0
13882.0,0,0,0
13883.0,2,0,0
13884.0,2,0,0
13885.0,1,0,1
13886.0,1,0,1
13887.0,1,0,1
13888.0,0,0,2
13889.0,0,0,2
13890.0,2,0,0
13891.0,1,0,1
13892.0,0,0,0
13893.0,1,0,1
13894.0,0,0,0
13895.0,0,0,0
13896.0,1,0,1
13897.0,0,0,2
13898.0,1,0,1
13899.0,0,0,1
13900.0,0,0,2
13901.0,2,0,0
13902.0,2,-1,2
13903.0,1,0,1
13904.0,0,0,1
13905.0,1,0,1
13906.0,1,0,1
13907.0,1,0,1
13908.0,0,0,2
13909.0,1,0,1
13911.0,2,0,0
13912.0,1,0,1
13913.0,1,0,1
13914.0,0,0,0
13915.0,1,0,1
13916.0,0,0,2
13917.0,1,0,1
13918.0,0,0,1
13919.0,0,0,2
13920.0,0,0,2
13921.0,1,0,1
13922.0,1,0,1
13923.0,1,0,1
13924.0,2,0,0
13925.0,0,0,2
13926.0,1,0,1
13927.0,0,0,1
13928.0,0,0,0
13929.0,0,0,0
13930.0,1,0,1
13931.0,2,0,0
13932.0,1,0,1
13933.0,1,0,1
13934.0,1,0,1
13935.0,0,0,2
13936.0,0,0,2
13937.0,1,0,1
13938.0,1,0,1
13939.0,0,0,0
13940.0,0,0,0
13941.0,2,0,0
13942.0,1,0,1
13943.0,1,0,1
13944.0,1,0,1
13945.0,1,0,1
13946.0,0,0,2
13947.0,1,0,1
13948.0,1,0,1
13949.0,2,0,0
13950.0,0,0,0
13951.0,0,0,1
13952.0,2,0,2
13953.0,2,0,0
13954.0,0,0,0
13955.0,1,0,1
13956.0,0,0,0
13957.0,1,0,1
13958.0,0,0,2
13959.0,0,0,2
13960.0,0,0,1
13961.0,1,0,1
13962.0,0,0,1
13963.0,0,0,2
13964.0,1,0,1
13965.0,1,0,1
13966.0,1,0,1
13967.0,1,0,1
13968.0,1,0,1
13969.0,2,0,0
13970.0,1,0,1
13971.0,2,0,0
13972.0,1,0,1
13973.0,1,0,1
13974.0,0,0,1
13975.0,2,0,0
13976.0,0,0,2
13977.0,1,0,1
13978.0,0,0,1
13979.0,0,0,0
13980.0,0,0,2
13981.0,1,0,1
13982.0,2,0,0
13983.0,2,0,0
13984.0,2,0,0
13985.0,2,0,0
13986.0,0,0,1
13987.0,1,0,1
13988.0,2,0,0
13989.0,0,0,2
13990.0,1,0,1
13991.0,0,0,0
13992.0,0,0,1
13993.0,2,0,0
13994.0,2,0,0
13995.0,2,0,0
13996.0,1,0,1
13997.0,1,0,1
13998.0,1,0,1
13999.0,2,0,0
14000.0,0,0,2
14001.0,2,0,0
14002.0,1,0,1
14003.0,1,0,1
14004.0,2,0,0
14005.0,0,0,0
14006.0,0,0,2
14007.0,1,0,1
14008.0,1,0,1
14009.0,0,0,2
14010.0,1,0,1
14011.0,1,0,1
14012.0,1,0,1
14013.0,0,0,2
14014.0,0,0,2
14015.0,0,0,1
14016.0,2,0,2
14017.0,1,0,1
14018.0,1,0,1
14019.0,0,0,2
14020.0,0,0,0
14021.0,0,0,2
14022.0,1,0,1
14023.0,0,0,0
14024.0,0,0,1
14025.0,0,0,2
14026.0,1,0,1
14027.0,1,0,1
14028.0,0,0,2
14029.0,0,0,1
14030.0,2,0,0
14031.0,2,0,0
14032.0,2,0,0
14033.0,1,0,1
14034.0,0,0,0
14035.0,2,0,0
14036.0,1,0,1
14037.0,0,0,2
14038.0,0,0,2
14039.0,0,0,1
14040.0,2,0,0
14041.0,1,0,1
14042.0,1,0,1
14043.0,1,0,1
14044.0,2,0,0
14045.0,2,0,0
14046.0,1,0,1
14047.0,2,0,0
14048.0,1,0,1
14049.0,2,0,0
14050.0,0,0,1
14051.0,2,0,0
14052.0,0,0,1
14053.0,0,0,1
14054.0,1,0,1
14055.0,0,0,2
14056.0,2,0,0
14057.0,2,0,0
14058.0,1,0,1
14059.0,1,0,1
14060.0,2,0,0
14061.0,1,0,1
14062.0,2,0,0
14063.0,2,0,2
14064.0,2,0,0
14065.0,1,0,1
14066.0,1,0,1
14067.0,1,0,1
14068.0,0,0,2
14069.0,1,0,1
14070.0,1,0,1
14071.0,2,0,0
14072.0,1,0,1
14073.0,1,0,1
14074.0,1,0,1
14075.0,2,0,0
14076.0,1,0,1
14077.0,0,0,0
14078.0,0,0,2
14079.0,1,0,1
14080.0,0,0,0
14081.0,0,0,2
14082.0,1,0,1
14083.0,2,0,0
14084.0,1,0,1
14085.0,2,0,0
14086.0,1,0,1
14087.0,0,0,0
14088.0,2,0,0
14089.0,1,0,1
14090.0,1,0,1
14091.0,0,0,2
14092.0,2,0,0
14093.0,0,0,1
14094.0,1,0,1
14095.0,1,-1,1
14096.0,2,0,0
14097.0,1,0,1
14098.0,1,0,1
14099.0,2,0,0
14100.0,1,0,1
14101.0,2,0,0
14102.0,0,0,0
14104.0,0,0,2
14105.0,0,0,2
14106.0,1,0,1
14107.0,2,0,0
14108.0,0,0,0
14109.0,1,0,1
14110.0,2,0,0
14111.0,0,0,0
14112.0,2,0,0
14113.0,2,0,0
14114.0,0,0,2
14115.0,1,0,1
14116.0,0,0,0
14117.0,1,0,1
14118.0,1,0,1
14119.0,1,0,1
14121.0,2,0,0
14122.0,1,0,1
14123.0,1,0,1
14124.0,1,0,1
14125.0,0,0,0
14126.0,0,0,0
14127.0,0,0,2
14128.0,0,0,1
14129.0,2,0,0
14130.0,0,0,2
14131.0,1,0,1
14132.0,2,0,0
14133.0,0,0,2
14134.0,2,0,2
14135.0,2,0,0
14136.0,0,0,2
14137.0,1,0,1
14138.0,0,0,0
14139.0,0,0,2
14140.0,0,0,0
14141.0,0,0,0
14142.0,1,0,1
14143.0,1,0,1
14144.0,1,0,1
14145.0,2,0,0
14146.0,2,0,0
14147.0,0,0,0
14148.0,1,0,1
14149.0,1,0,1
14150.0,0,0,1
14151.0,1,0,1
14152.0,0,0,2
14153.0,1,0,1
14154.0,0,0,0
14155.0,1,0,1
14156.0,2,-1,0
14157.0,0,0,0
14158.0,1,0,1
14159.0,2,0,0
14160.0,0,0,2
14161.0,0,0,2
14162.0,1,0,1
14163.0,0,0,2
14164.0,0,0,2
14165.0,1,0,1
14166.0,1,0,1
14167.0,0,0,0
14168.0,1,0,1
14169.0,1,0,1
14170.0,1,0,1
14171.0,1,0,1
14172.0,1,0,1
14173.0,0,0,0
14174.0,1,0,1
14175.0,2,0,0
14176.0,0,0,2
14177.0,0,0,0
14178.0,0,0,0
14179.0,0,0,1
14180.0,2,0,0
14181.0,1,0,1
14182.0,1,0,1
14183.0,1,0,1
14184.0,1,0,1
14185.0,1,0,1
14186.0,0,0,2
14187.0,1,0,1
14188.0,0,0,0
14189.0,2,0,0
14190.0,1,0,1
14191.0,2,0,0
14192.0,1,0,1
14193.0,0,0,2
14194.0,2,0,0
14195.0,0,0,2
14196.0,1,0,1
14197.0,1,0,1
14198.0,0,0,0
14199.0,0,0,2
14200.0,1,0,1
14201.0,0,0,2
14202.0,1,0,1
14203.0,1,0,1
14204.0,0,0,0
14205.0,2,0,0
14206.0,0,0,1
14207.0,1,0,1
14208.0,1,0,1
14209.0,2,0,0
14210.0,2,0,0
14211.0,2,0,0
14212.0,0,0,2
14213.0,1,0,1
14214.0,0,0,0
14215.0,2,0,0
14216.0,2,0,0
14217.0,2,0,0
14218.0,1,0,1
14219.0,0,0,0
14220.0,0,0,2
14221.0,2,0,0
14222.0,1,0,1
14223.0,0,0,2
14224.0,0,0,2
14225.0,0,0,2
14226.0,0,0,0
14227.0,2,0,0
14228.0,1,0,1
14229.0,0,0,2
14230.0,1,0,1
14231.0,0,0,2
14232.0,0,0,2
14233.0,0,0,2
14234.0,0,0,0
14235.0,2,0,0
14236.0,0,0,2
14237.0,1,0,1
14238.0,1,0,1
14239.0,2,0,0
14240.0,0,0,0
14241.0,1,0,1
14242.0,1,0,1
14243.0,2,0,0
14244.0,1,0,1
14245.0,0,0,1
14246.0,0,0,2
14247.0,0,0,2
14248.0,1,0,1
14249.0,0,0,2
14250.0,0,0,0
14251.0,2,0,0
14252.0,1,0,1
14253.0,1,0,1
14254.0,1,0,1
14255.0,1,0,1
14256.0,0,0,2
14257.0,2,0,0
14258.0,2,0,0
14259.0,1,0,1
14260.0,1,0,1
14261.0,0,0,1
14262.0,2,0,0
14263.0,1,0,1
14264.0,0,0,2
14265.0,0,0,2
14266.0,1,0,1
14267.0,0,0,2
14268.0,1,0,1
14269.0,1,0,1
14270.0,1,0,1
14271.0,1,0,1
14272.0,0,0,2
14273.0,0,0,1
14274.0,1,0,1
14275.0,0,0,2
14276.0,0,0,2
14277.0,2,0,0
14278.0,1,0,1
14279.0,1,0,1
14280.0,1,0,1
14281.0,1,0,1
14282.0,2,0,0
14283.0,1,0,1
14284.0,0,0,0
14285.0,2,0,0
14286.0,2,0,0
14287.0,0,0,1
14288.0,1,0,1
14289.0,0,0,0
14290.0,2,0,0
14291.0,2,0,0
14292.0,2,0,0
14293.0,2,0,0
14294.0,1,0,1
14295.0,0,0,0
14296.0,1,0,1
14297.0,0,0,0
14298.0,2,-1,0
14299.0,2,0,0
14300.0,1,-1,1
14301.0,0,0,2
14302.0,1,0,1
14303.0,1,0,1
14304.0,0,0,2
14305.0,0,0,2
14306.0,0,0,2
14307.0,2,0,0
14308.0,1,0,1
14309.0,2,0,0
14310.0,1,0,1
14311.0,1,0,1
14312.0,2,0,0
14314.0,1,0,1
14315.0,0,0,0
14316.0,0,0,2
14317.0,1,0,1
14318.0,1,0,1
14319.0,1,0,1
14320.0,0,0,2
14321.0,2,0,0
14322.0,1,0,1
14323.0,1,0,1
14324.0,1,0,1
14325.0,1,0,1
14326.0,0,0,1
14327.0,0,0,2
14328.0,1,0,1
14329.0,2,0,0
14330.0,1,0,1
14331.0,1,0,1
14332.0,0,0,0
14333.0,1,0,1
14334.0,2,0,0
14335.0,0,0,1
14336.0,0,0,0
14338.0,0,0,2
14339.0,1,0,1
14340.0,1,0,1
14341.0,2,0,0
14342.0,0,0,0
14343.0,0,0,2
14344.0,2,0,0
14345.0,1,0,1
14346.0,0,0,2
14347.0,1,0,1
14348.0,1,0,1
14349.0,1,0,1
14350.0,1,0,1
14351.0,1,0,1
14352.0,0,0,2
14353.0,1,0,1
14354.0,0,0,1
14355.0,1,0,1
14356.0,0,0,1
14357.0,1,0,1
14358.0,1,0,1
14359.0,0,0,0
14360.0,0,0,2
14361.0,1,0,1
14362.0,1,0,1
14363.0,1,0,1
14364.0,0,0,0
14365.0,1,0,1
14366.0,1,0,1
14367.0,2,0,0
14368.0,1,0,1
14369.0,1,0,1
14370.0,0,0,2
14371.0,1,0,1
14372.0,1,0,1
14373.0,1,0,1
14374.0,1,0,1
14375.0,0,0,2
14376.0,1,0,1
14377.0,1,0,1
14378.0,1,0,1
14379.0,0,0,2
14380.0,1,0,1
14381.0,0,0,1
14382.0,0,0,0
14383.0,0,0,0
14384.0,1,0,1
14385.0,0,0,1
14386.0,1,0,1
14387.0,0,0,0
14388.0,2,0,0
14389.0,0,0,2
14390.0,2,0,0
14391.0,1,0,1
14392.0,1,0,1
14393.0,1,0,1
14394.0,1,0,1
14395.0,2,0,0
14396.0,0,0,2
14397.0,2,0,0
14398.0,1,0,1
14399.0,0,0,2
14400.0,0,0,2
14401.0,2,0,0
14402.0,1,0,1
14403.0,0,0,2
14404.0,2,0,0
14405.0,1,0,1
14406.0,1,0,1
14407.0,0,0,2
14408.0,2,0,0
14409.0,0,0,0
14410.0,0,0,0
14411.0,1,0,1
14412.0,0,0,2
14413.0,1,0,1
14414.0,0,0,2
14415.0,2,0,0
14416.0,0,0,1
14417.0,1,0,1
14418.0,0,0,0
14419.0,0,0,0
14420.0,0,0,2
14421.0,0,0,2
14422.0,2,0,0
14423.0,0,0,1
14424.0,0,0,1
14425.0,1,0,1
14426.0,2,0,0
14427.0,0,0,2
14428.0,0,0,0
14429.0,1,0,1
14430.0,1,0,1
14431.0,0,0,2
14432.0,0,0,0
14433.0,1,0,1
14434.0,0,0,0
14435.0,1,0,1
14436.0,1,0,1
14437.0,0,0,2
14438.0,1,0,1
14439.0,0,0,2
14440.0,2,0,0
14441.0,2,0,0
14442.0,0,0,2
14443.0,0,0,2
14444.0,1,0,1
14445.0,1,0,1
14446.0,2,0,0
14447.0,0,0,0
14448.0,0,0,1
14449.0,2,0,0
14450.0,0,0,2
14451.0,2,0,0
14452.0,0,0,0
14453.0,1,0,1
14454.0,0,0,2
14455.0,1,0,1
14456.0,2,0,0
14457.0,1,0,1
14458.0,1,0,1
14459.0,0,0,2
14460.0,0,0,2
14461.0,2,0,0
14462.0,0,0,0
14463.0,0,0,2
14464.0,1,0,1
14465.0,0,0,0
14466.0,2,0,0
14467.0,2,0,0
14468.0,1,0,1
14469.0,0,0,2
14470.0,0,0,0
14471.0,1,0,1
14472.0,0,0,2
14473.0,1,0,1
14474.0,0,0,1
14475.0,0,0,2
14476.0,1,0,1
14477.0,0,0,0
14478.0,0,0,2
14479.0,0,0,2
14480.0,0,0,0
14481.0,0,0,2
14482.0,2,0,0
14483.0,1,0,1
14484.0,0,0,2
14485.0,1,0,1
14486.0,1,0,1
14487.0,0,0,0
14488.0,0,0,1
14489.0,0,0,2
14490.0,1,0,1
14491.0,1,0,1
14492.0,0,0,2
14493.0,2,0,0
14494.0,0,0,1
14495.0,1,0,1
14496.0,0,0,2
14497.0,1,0,1
14498.0,2,0,0
14499.0,0,0,0
14500.0,0,0,1
14501.0,1,0,1
14502.0,2,0,0
14503.0,2,0,0
14504.0,0,0,0
14505.0,2,0,0
14506.0,2,0,0
14507.0,2,0,0
14508.0,0,0,0
14509.0,1,0,1
14510.0,1,0,1
14511.0,0,0,0
14512.0,0,0,2
14513.0,0,0,2
14514.0,2,0,0
14515.0,2,0,0
14516.0,1,0,1
14517.0,0,0,1
14518.0,1,0,1
14519.0,1,0,1
14520.0,0,0,0
14521.0,1,0,1
14522.0,0,0,0
14523.0,1,0,1
14524.0,2,0,0
14525.0,2,0,0
14526.0,1,0,1
14527.0,2,-1,0
14528.0,1,0,1
14529.0,0,0,1
14530.0,2,0,0
14531.0,1,0,1
14532.0,0,0,0
14533.0,2,0,0
14534.0,2,0,0
14535.0,2,0,0
14536.0,1,0,1
14537.0,0,0,1
14538.0,0,0,2
14539.0,0,0,1
14540.0,2,0,0
14541.0,2,0,0
14542.0,1,0,1
14543.0,2,0,0
14544.0,0,0,0
14545.0,1,0,1
14546.0,2,0,0
14547.0,2,0,0
14548.0,0,0,0
14549.0,0,0,1
14550.0,0,0,0
14551.0,0,0,0
14552.0,1,0,1
14553.0,2,0,0
14554.0,0,0,0
14555.0,0,0,2
14556.0,1,0,1
14557.0,1,0,1
14558.0,1,0,1
14559.0,1,0,1
14560.0,2,0,0
14561.0,0,0,2
14562.0,2,0,0
14563.0,1,0,1
14564.0,1,0,2
14565.0,0,0,2
14566.0,0,0,2
14567.0,0,0,1
14568.0,1,0,1
14569.0,0,0,0
14570.0,1,0,1
14571.0,1,0,1
14572.0,2,0,0
14573.0,0,0,0
14574.0,1,0,1
14575.0,1,0,1
14576.0,1,0,1
14577.0,0,0,0
14578.0,0,0,1
14579.0,1,0,1
14580.0,1,0,1
14581.0,0,0,1
14582.0,1,0,1
14583.0,2,0,0
14584.0,0,0,2
14585.0,0,0,2
14586.0,1,0,1
14587.0,0,0,0
14588.0,1,0,1
14589.0,1,0,1
14590.0,0,0,2
14591.0,0,0,0
14592.0,0,0,1
14593.0,2,0,0
14594.0,0,0,0
14595.0,0,0,0
14596.0,1,0,1
14597.0,0,0,0
14598.0,0,0,1
14599.0,1,0,1
14600.0,1,0,1
14601.0,0,0,1
14602.0,1,0,1
14603.0,1,0,1
14604.0,1,0,1
14605.0,0,0,1
14606.0,2,-1,0
14607.0,2,0,0
14608.0,2,0,0
14609.0,0,0,2
14610.0,1,0,1
14611.0,1,0,1
14612.0,1,0,1
14613.0,1,0,1
14614.0,1,0,1
14615.0,0,0,2
14616.0,0,0,1
14617.0,1,0,1
14618.0,0,0,0
14619.0,1,0,1
14620.0,1,0,1
14621.0,2,0,0
14622.0,1,0,1
14623.0,0,0,0
14624.0,0,0,2
14625.0,0,0,0
14626.0,2,0,0
14627.0,1,0,1
14628.0,0,0,2
14629.0,0,0,0
14630.0,1,0,1
14631.0,0,0,2
14632.0,1,0,1
14633.0,1,0,1
14634.0,0,0,2
14635.0,1,0,1
14636.0,0,0,1
14637.0,1,0,1
14638.0,1,0,1
14639.0,2,0,0
14640.0,2,0,0
14641.0,1,0,1
14642.0,1,0,1
14643.0,0,0,2
14644.0,0,0,2
14645.0,0,0,2
14646.0,2,-1,0
14647.0,1,0,1
14648.0,0,0,2
14649.0,2,0,0
14650.0,1,0,1
14651.0,0,0,2
14652.0,1,0,1
14653.0,2,0,0
14654.0,1,0,1
14655.0,2,0,0
14656.0,0,0,2
14657.0,0,0,0
14658.0,0,0,1
14659.0,2,0,0
14660.0,1,0,1
14661.0,1,0,1
14662.0,0,0,0
14663.0,1,0,1
14664.0,0,0,1
14665.0,0,0,2
14666.0,1,0,1
14667.0,2,0,0
14668.0,1,0,1
14669.0,0,0,2
14670.0,1,0,1
14671.0,1,0,1
14672.0,0,0,2
14673.0,2,0,0
14674.0,1,0,1
14675.0,0,0,0
14676.0,2,0,0
14677.0,1,0,1
14678.0,1,0,1
14679.0,1,0,1
14680.0,2,-1,0
14681.0,0,0,2
14682.0,0,0,2
14683.0,1,0,1
14684.0,0,0,0
14685.0,0,0,2
14686.0,0,0,2
14687.0,0,0,2
14688.0,2,0,0
14689.0,1,0,1
14690.0,0,0,0
14691.0,0,0,0
14692.0,0,0,0
14693.0,0,0,2
14694.0,1,0,1
14695.0,1,0,2
14696.0,2,0,0
14697.0,1,0,1
14698.0,0,0,0
14699.0,0,0,2
14700.0,0,0,0
14701.0,2,0,0
14702.0,2,0,0
14703.0,0,0,1
14704.0,2,0,0
14705.0,1,0,1
14706.0,1,0,1
14707.0,1,0,1
14708.0,2,0,0
14709.0,2,0,0
14710.0,2,0,0
14711.0,2,0,0
14712.0,0,0,0
14713.0,2,0,0
14714.0,0,0,0
14715.0,0,0,0
14716.0,0,0,1
14717.0,1,0,1
14718.0,1,0,1
14719.0,2,0,0
14720.0,0,0,0
14721.0,1,0,1
14722.0,1,0,1
14723.0,2,0,0
14724.0,1,0,1
14725.0,0,0,0
14726.0,1,0,1
14727.0,1,0,1
14728.0,1,0,1
14729.0,1,0,1
14730.0,2,0,0
14731.0,0,0,1
14732.0,2,0,0
14733.0,2,0,0
14734.0,0,0,2
14735.0,2,0,0
14736.0,1,0,1
14737.0,2,0,0
14738.0,0,0,0
14739.0,2,0,0
14740.0,0,0,0
14741.0,0,0,0
14742.0,1,0,1
14743.0,1,0,1
14744.0,2,0,0
14745.0,0,0,0
14746.0,1,0,1
14747.0,1,0,1
14748.0,2,0,0
14749.0,1,0,1
14750.0,1,0,1
14751.0,1,0,1
14752.0,1,0,1
14753.0,0,0,1
14754.0,0,0,2
14755.0,2,0,0
14756.0,0,0,0
14757.0,1,0,1
14758.0,0,0,0
14759.0,0,0,0
14760.0,1,0,1
14761.0,0,0,1
14762.0,1,0,1
14764.0,1,0,1
14765.0,0,0,1
14766.0,2,0,0
14767.0,1,0,1
14768.0,0,0,1
14769.0,2,0,0
14770.0,0,0,2
14771.0,1,0,1
14772.0,1,0,1
14773.0,1,0,1
14774.0,1,0,1
14775.0,0,0,2
14776.0,2,0,0
14777.0,1,0,1
14778.0,1,0,1
14779.0,1,0,1
14780.0,0,0,1
14782.0,1,0,1
14783.0,1,0,1
14784.0,0,0,0
14785.0,0,0,1
14786.0,1,0,1
14787.0,1,0,1
14788.0,0,0,0
14789.0,1,0,1
14790.0,2,0,0
14791.0,1,0,1
14792.0,1,-1,1
14793.0,0,0,1
14794.0,2,0,0
14795.0,1,0,1
14796.0,2,0,0
14797.0,1,0,1
14798.0,0,0,2
14799.0,0,0,1
14800.0,2,0,0
14801.0,1,0,1
14802.0,1,0,1
14803.0,0,0,2
14804.0,0,0,1
14805.0,0,0,0
14806.0,1,0,1
14807.0,1,0,1
14808.0,0,0,0
14809.0,1,0,1
14810.0,2,0,0
14811.0,1,0,1
14812.0,1,0,1
14813.0,0,0,2
14814.0,1,0,1
14815.0,0,0,1
14816.0,1,0,1
14817.0,0,0,2
14818.0,0,0,2
14819.0,0,0,1
14820.0,0,0,0
14821.0,0,0,2
14822.0,1,0,1
14823.0,1,0,1
14824.0,2,0,0
14825.0,2,0,0
14826.0,1,0,1
14828.0,2,0,2
14829.0,0,0,0
14830.0,1,0,1
14831.0,1,0,2
14832.0,1,0,1
14833.0,1,0,1
14834.0,0,0,0
14835.0,1,0,1
14836.0,0,0,1
14837.0,0,0,0
14838.0,1,0,1
14839.0,1,0,1
14840.0,1,0,1
14841.0,2,0,0
14842.0,0,0,2
14843.0,1,0,1
14844.0,2,0,0
14845.0,1,0,1
14846.0,1,0,1
14847.0,0,0,2
14848.0,1,0,1
14849.0,2,0,0
14850.0,0,0,2
14851.0,0,0,0
14852.0,2,0,0
14853.0,0,0,0
14854.0,2,0,0
14855.0,0,0,0
14856.0,0,0,0
14857.0,0,0,0
14858.0,1,0,1
14859.0,0,0,0
14860.0,1,0,1
14861.0,0,0,2
14862.0,0,0,0
14863.0,1,0,1
14865.0,0,0,1
14866.0,2,0,0
14867.0,2,0,0
14868.0,2,0,0
14869.0,2,0,0
14870.0,0,0,2
14871.0,2,0,0
14872.0,1,0,1
14873.0,1,0,1
14874.0,1,0,1
14875.0,0,0,2
14876.0,1,0,1
14877.0,1,0,1
14878.0,2,0,0
14879.0,1,0,1
14880.0,0,0,1
14881.0,1,0,1
14882.0,2,0,0
14883.0,0,0,0
14884.0,1,0,1
14885.0,0,0,2
14886.0,1,0,1
14887.0,0,0,1
14888.0,1,0,1
14889.0,1,0,1
14890.0,1,0,1
14891.0,0,0,2
14892.0,1,0,1
14893.0,0,0,0
14894.0,0,0,2
14895.0,2,0,0
14896.0,0,0,2
14897.0,2,0,0
14898.0,2,0,0
14899.0,1,0,1
14900.0,1,0,1
14901.0,2,0,0
14902.0,0,0,0
14903.0,0,0,0
14904.0,0,0,0
14905.0,0,0,2
14906.0,1,0,1
14907.0,2,0,0
14908.0,1,0,1
14909.0,1,0,1
14910.0,0,0,0
14911.0,2,-1,0
14912.0,0,0,0
14913.0,2,0,0
14915.0,0,0,0
14916.0,0,0,0
14917.0,1,0,1
14918.0,2,0,0
14919.0,1,0,1
14920.0,0,0,2
14921.0,0,0,0
14922.0,1,0,1
14923.0,0,0,1
14924.0,0,0,1
14926.0,1,0,1
14927.0,1,0,1
14928.0,1,0,1
14929.0,0,0,1
14930.0,0,0,0
14931.0,0,0,0
14932.0,1,0,1
14933.0,0,0,2
14934.0,0,0,2
14935.0,0,0,2
14936.0,2,0,0
14937.0,0,0,2
14938.0,1,0,2
14940.0,1,0,1
14941.0,1,0,1
14942.0,1,0,1
14943.0,1,0,1
14944.0,2,0,0
14945.0,1,0,1
14946.0,1,0,1
14947.0,0,0,2
14948.0,0,0,0
14949.0,1,0,1
14950.0,0,0,1
14951.0,1,0,1
14952.0,2,0,0
14953.0,0,0,0
14954.0,0,0,1
14955.0,1,0,1
14956.0,1,0,1
14957.0,1,0,1
14958.0,0,0,2
14959.0,0,0,1
14960.0,0,0,1
14961.0,2,0,0
14962.0,1,0,1
14963.0,2,0,0
14964.0,1,0,1
14965.0,1,0,1
14966.0,0,0,0
14967.0,0,0,2
14968.0,0,0,1
14969.0,1,0,1
14970.0,2,0,0
14971.0,0,0,0
14972.0,1,0,1
14973.0,0,0,2
14974.0,1,0,1
14975.0,0,0,1
14976.0,0,0,2
14977.0,1,0,1
14978.0,0,0,0
14979.0,1,0,1
14980.0,1,0,1
14981.0,1,0,1
14982.0,1,0,1
14983.0,1,0,1
14984.0,0,0,0
14985.0,1,0,1
14986.0,1,0,1
14987.0,0,0,0
14988.0,0,0,2
14989.0,1,0,1
14990.0,1,0,1
14991.0,1,0,1
14992.0,1,0,1
14993.0,1,0,1
14994.0,0,0,2
14995.0,1,0,1
14996.0,1,0,1
14997.0,0,0,0
14998.0,0,0,2
14999.0,1,0,1
15000.0,1,0,1
15001.0,1,0,1
15002.0,0,0,0
15003.0,0,0,2
15004.0,1,0,1
15005.0,2,0,0
15006.0,0,0,1
15007.0,1,0,1
15008.0,1,0,1
15009.0,0,0,0
15010.0,1,0,1
15011.0,1,0,1
15012.0,0,0,1
15013.0,0,0,2
15014.0,1,0,1
15015.0,0,0,2
15016.0,0,0,2
15017.0,1,0,1
15018.0,0,0,1
15019.0,1,0,1
15020.0,1,0,1
15021.0,2,0,0
15022.0,0,0,0
15023.0,2,0,0
15024.0,2,0,0
15025.0,0,0,1
15026.0,0,0,2
15027.0,2,0,0
15028.0,0,0,0
15029.0,1,0,1
15030.0,0,0,2
15031.0,2,0,0
15032.0,2,0,2
15033.0,2,0,0
15034.0,2,0,0
15035.0,1,0,1
15036.0,0,0,1
15037.0,1,0,1
15038.0,0,0,2
15039.0,2,-1,0
15040.0,1,0,1
15041.0,1,0,1
15042.0,1,0,1
15043.0,0,0,0
15044.0,2,0,0
15045.0,1,0,1
15046.0,2,0,0
15047.0,1,0,1
15048.0,0,0,1
15049.0,1,0,1
15050.0,0,0,0
15051.0,2,0,0
15052.0,1,0,1
15053.0,0,0,0
15054.0,0,0,1
15055.0,1,0,1
15056.0,1,0,1
15057.0,0,0,2
15058.0,2,0,0
15059.0,2,0,0
15060.0,0,0,0
15061.0,2,-1,0
15062.0,0,0,0
15063.0,1,0,1
15064.0,0,0,2
15065.0,0,0,0
15066.0,0,0,1
15067.0,0,0,2
15068.0,0,0,2
15069.0,1,0,1
15070.0,1,0,1
15071.0,0,0,2
15072.0,1,0,1
15073.0,2,0,0
15074.0,0,0,2
15075.0,1,0,1
15076.0,0,0,2
15077.0,1,0,2
15078.0,2,0,0
15079.0,0,0,0
15080.0,1,0,1
15081.0,2,0,0
15082.0,1,0,1
15083.0,1,0,1
15084.0,1,0,1
15085.0,1,0,1
15086.0,1,0,1
15087.0,1,0,1
15088.0,0,0,0
15089.0,2,0,0
15090.0,1,0,1
15091.0,0,0,2
15092.0,1,0,1
15093.0,2,0,0
15094.0,1,0,1
15095.0,0,0,0
15096.0,1,0,1
15097.0,0,0,0
15098.0,2,0,0
15099.0,1,0,1
15100.0,0,0,2
15101.0,0,0,0
15102.0,1,0,1
15103.0,0,0,1
15104.0,1,0,1
15105.0,2,0,0
15106.0,0,0,0
15107.0,0,0,2
15108.0,0,0,2
15109.0,0,0,1
15110.0,0,0,0
15111.0,0,0,0
15112.0,1,0,1
15113.0,0,0,0
15114.0,2,0,0
15115.0,0,0,1
15116.0,0,0,0
15117.0,2,0,0
15118.0,1,0,1
15119.0,1,0,1
15120.0,1,0,1
15121.0,0,0,1
15122.0,2,0,0
15123.0,2,0,0
15124.0,0,0,0
15125.0,2,0,0
15126.0,1,0,1
15127.0,0,0,1
15128.0,0,0,2
15129.0,2,0,0
15130.0,1,0,1
15131.0,1,0,1
15132.0,0,0,0
15133.0,0,0,2
15134.0,2,0,0
15135.0,1,0,1
15136.0,0,0,0
15137.0,1,0,1
15138.0,1,0,1
15139.0,1,0,1
15140.0,0,0,0
15141.0,0,0,2
15142.0,0,0,2
15143.0,1,0,1
15144.0,2,0,0
15145.0,0,0,0
15146.0,0,0,2
15147.0,1,0,1
15148.0,0,0,1
15149.0,0,0,2
15150.0,2,0,0
15151.0,1,0,1
15152.0,2,0,0
15153.0,1,0,1
15154.0,0,0,2
15155.0,1,0,1
15156.0,0,0,0
15157.0,2,0,0
15158.0,0,0,1
15159.0,2,0,0
15160.0,1,0,1
15161.0,1,0,1
15162.0,1,0,1
15163.0,0,0,1
15164.0,0,0,2
15165.0,1,0,1
15166.0,1,0,1
15167.0,0,0,2
15168.0,1,0,1
15169.0,1,0,1
15170.0,1,0,1
15171.0,1,0,1
15172.0,0,0,0
15173.0,0,0,2
15174.0,1,0,1
15175.0,1,0,1
15176.0,1,0,1
15177.0,1,0,1
15178.0,1,0,1
15179.0,2,0,0
15180.0,1,0,1
15181.0,0,0,2
15182.0,0,0,0
15183.0,1,0,1
15184.0,0,0,0
15185.0,1,0,1
15186.0,0,0,0
15187.0,2,0,0
15188.0,1,0,1
15189.0,2,0,0
15190.0,1,0,1
15191.0,1,0,1
15192.0,0,0,2
15193.0,1,0,1
15194.0,2,0,0
15195.0,0,0,0
15196.0,1,0,1
15197.0,0,0,0
15198.0,0,0,2
15199.0,2,0,0
15200.0,1,0,1
15201.0,0,0,2
15202.0,0,0,2
15203.0,2,0,0
15204.0,1,0,1
15205.0,0,0,1
15206.0,0,0,0
15207.0,1,0,1
15208.0,2,0,0
15209.0,1,0,1
15210.0,0,0,2
15211.0,0,0,1
15212.0,1,0,1
15213.0,1,0,1
15214.0,2,0,0
15215.0,0,0,2
15216.0,1,0,1
15217.0,1,0,1
15218.0,2,0,0
15219.0,1,0,1
15220.0,0,0,2
15221.0,0,0,2
15222.0,0,0,2
15223.0,0,0,2
15224.0,0,0,2
15225.0,1,0,1
15226.0,1,0,1
15227.0,0,0,0
15228.0,0,0,0
15229.0,1,0,1
15230.0,1,0,1
15231.0,1,0,1
15232.0,1,0,1
15233.0,1,0,1
15234.0,1,0,1
15235.0,0,0,0
15236.0,1,0,1
15237.0,0,0,0
15238.0,0,0,0
15239.0,0,0,0
15240.0,2,0,0
15241.0,2,0,0
15242.0,1,0,1
15243.0,0,0,1
15244.0,0,0,1
15245.0,0,0,0
15246.0,1,0,1
15247.0,0,0,2
15248.0,0,0,2
15249.0,2,0,0
15250.0,1,0,1
15251.0,2,0,0
15252.0,0,0,0
15253.0,2,0,0
15254.0,0,0,2
15255.0,2,0,0
15256.0,1,0,1
15257.0,1,0,1
15258.0,1,0,1
15259.0,1,0,2
15260.0,2,0,0
15261.0,0,0,2
15262.0,1,0,1
15263.0,1,0,1
15264.0,0,0,1
15265.0,0,0,2
15266.0,0,0,2
15267.0,0,0,0
15268.0,1,0,1
15269.0,0,0,0
15270.0,2,0,0
15271.0,2,0,0
15272.0,0,0,2
15273.0,1,0,1
15274.0,0,0,0
15275.0,0,0,1
15276.0,0,0,1
15277.0,0,0,1
15278.0,1,0,1
15279.0,0,0,2
15280.0,1,0,1
15281.0,2,0,0
15282.0,1,0,1
15283.0,1,0,1
15284.0,1,0,1
15285.0,1,0,1
15286.0,1,0,1
15287.0,0,0,0
15288.0,2,0,0
15289.0,0,0,0
15290.0,2,0,0
15291.0,2,0,0
15292.0,1,0,1
15293.0,1,0,1
15294.0,1,0,1
15295.0,1,0,1
15296.0,2,0,0
15297.0,0,0,0
15298.0,2,0,0
15299.0,2,0,0
15300.0,1,0,1
15301.0,2,0,0
15302.0,1,0,1
15303.0,0,0,1
15304.0,0,0,2
15305.0,1,0,1
15306.0,0,0,0
15307.0,1,0,1
15308.0,1,0,1
15309.0,1,0,1
15310.0,1,0,1
15311.0,2,-1,0
15312.0,2,0,0
15313.0,1,0,1
15314.0,0,0,1
15315.0,0,0,1
15316.0,1,0,1
15317.0,1,0,1
15318.0,0,0,1
15319.0,1,0,1
15320.0,1,0,1
15321.0,2,0,0
15322.0,0,0,1
15323.0,1,0,1
15324.0,1,0,1
15325.0,0,0,2
15326.0,0,0,2
15327.0,1,0,1
15328.0,1,0,1
15329.0,2,0,0
15330.0,0,0,1
15331.0,1,0,1
15332.0,0,0,2
15333.0,1,0,1
15334.0,1,0,1
15335.0,1,0,1
15336.0,1,0,1
15337.0,1,0,1
15338.0,1,0,1
15339.0,0,0,2
15340.0,1,0,1
15341.0,0,0,2
15342.0,1,0,1
15343.0,1,0,1
15344.0,0,0,0
15345.0,1,0,1
15346.0,1,0,1
15347.0,0,0,2
15348.0,1,0,1
15349.0,1,0,1
15350.0,1,0,1
15351.0,2,0,0
15352.0,1,0,1
15353.0,0,0,2
15354.0,1,0,1
15355.0,0,0,1
15356.0,2,0,0
15358.0,2,0,0
15359.0,1,0,1
15360.0,1,0,1
15361.0,1,0,1
15362.0,1,0,1
15363.0,1,0,1
15364.0,0,0,1
15365.0,2,0,0
15366.0,0,0,2
15367.0,2,0,0
15368.0,0,0,1
15369.0,0,0,2
15370.0,2,0,0
15371.0,1,0,1
15372.0,0,0,0
15373.0,2,0,0
15374.0,1,0,1
15375.0,1,0,1
15376.0,0,0,0
15377.0,0,0,2
15378.0,1,0,1
15379.0,0,0,0
15380.0,2,0,0
15381.0,0,0,2
15382.0,2,0,0
15384.0,0,0,2
15385.0,0,0,0
15386.0,1,0,1
15387.0,1,0,1
15388.0,1,0,1
15389.0,0,0,2
15390.0,1,0,1
15391.0,1,0,1
15392.0,2,0,0
15393.0,0,0,0
15394.0,2,0,0
15395.0,1,0,1
15396.0,0,0,1
15397.0,1,0,1
15398.0,0,0,0
15399.0,0,0,0
15400.0,0,0,2
15401.0,1,0,1
15402.0,0,0,2
15403.0,1,0,1
15404.0,1,0,1
15405.0,1,0,1
15406.0,0,0,0
15407.0,0,0,0
15408.0,1,0,1
15409.0,1,0,1
15410.0,2,0,0
15411.0,0,0,0
15412.0,1,0,1
15413.0,0,0,2
15414.0,0,0,0
15415.0,1,0,1
15416.0,0,0,0
15417.0,1,0,1
15418.0,1,0,1
15419.0,1,0,1
15420.0,0,0,2
15421.0,2,0,0
15422.0,0,0,2
15423.0,0,0,1
15424.0,1,0,1
15425.0,0,0,2
15426.0,2,0,0
15427.0,0,0,0
15428.0,0,0,0
15429.0,0,0,1
15430.0,1,0,1
15431.0,1,0,1
15432.0,0,0,1
15433.0,1,0,1
15434.0,2,0,0
15435.0,1,0,1
15436.0,0,0,0
15437.0,1,0,1
15438.0,1,0,1
15439.0,0,0,2
15440.0,0,0,1
15441.0,1,0,1
15442.0,1,0,1
15443.0,2,0,0
15444.0,0,0,0
15445.0,1,0,1
15446.0,1,0,1
15447.0,1,0,1
15448.0,1,0,1
15449.0,0,0,0
15450.0,0,0,1
15451.0,1,0,1
15452.0,0,0,0
15453.0,2,0,0
15454.0,1,0,1
15455.0,1,0,1
15456.0,0,0,2
15457.0,1,0,1
15458.0,0,0,1
15459.0,1,0,1
15460.0,1,0,1
15461.0,1,0,1
15462.0,0,0,2
15463.0,1,0,1
15464.0,1,0,1
15465.0,2,0,0
15466.0,0,0,2
15467.0,0,0,0
15468.0,0,0,2
15469.0,0,0,1
15470.0,1,0,1
15471.0,0,0,0
15472.0,1,0,1
15473.0,2,0,0
15474.0,1,0,1
15475.0,1,0,1
15476.0,0,0,2
15477.0,1,0,1
15478.0,0,0,2
15479.0,1,0,1
15480.0,0,0,0
15481.0,1,0,1
15482.0,2,0,0
15483.0,0,0,2
15484.0,2,0,0
15485.0,2,0,0
15486.0,1,0,1
15487.0,1,0,1
15488.0,0,0,1
15489.0,0,0,0
15490.0,1,0,1
15491.0,0,0,2
15492.0,0,0,1
15493.0,2,0,0
15494.0,0,0,0
15495.0,1,0,1
15496.0,1,0,1
15497.0,2,0,0
15498.0,2,0,0
15499.0,1,0,1
15500.0,0,0,0
15501.0,1,0,1
15502.0,2,0,0
15503.0,1,0,1
15504.0,0,0,1
15505.0,0,0,2
15506.0,0,0,0
15507.0,1,0,1
15508.0,0,0,2
15509.0,1,0,1
15510.0,1,0,1
15511.0,0,0,0
15512.0,1,0,1
15513.0,2,0,0
15514.0,2,0,0
15515.0,1,0,1
15516.0,1,0,1
15517.0,1,0,1
15518.0,2,0,0
15519.0,1,0,1
15520.0,0,0,0
15521.0,2,0,0
15522.0,0,0,1
15523.0,2,0,0
15524.0,0,0,1
15525.0,0,0,0
15526.0,1,0,1
15527.0,2,0,0
15528.0,1,0,1
15529.0,2,0,0
15530.0,0,0,0
15531.0,0,0,0
15532.0,2,0,0
15533.0,0,0,0
15534.0,1,0,1
15535.0,0,0,2
15536.0,1,0,1
15537.0,1,0,1
15538.0,0,0,2
15539.0,0,0,1
15540.0,0,0,1
15541.0,1,0,1
15542.0,1,0,1
15543.0,1,0,1
15544.0,2,0,0
15545.0,0,0,1
15546.0,1,0,1
15547.0,2,0,0
15548.0,1,0,1
15549.0,0,0,0
15550.0,2,0,0
15551.0,0,0,0
15552.0,1,0,1
15553.0,1,0,1
15554.0,1,0,1
15555.0,2,0,0
15556.0,1,0,1
15557.0,0,0,1
15558.0,1,0,1
15559.0,1,0,1
15560.0,1,0,1
15561.0,2,0,0
15562.0,1,0,1
15563.0,0,0,0
15564.0,1,0,1
15565.0,1,0,1
15566.0,1,0,1
15567.0,1,0,1
15568.0,0,0,0
15569.0,0,0,0
15570.0,2,0,0
15571.0,2,0,0
15572.0,2,0,0
15573.0,0,0,0
15574.0,0,0,2
15575.0,1,0,1
15576.0,0,0,1
15577.0,0,0,2
15578.0,1,0,1
15579.0,0,0,2
15580.0,0,0,2
15581.0,2,0,0
15582.0,0,0,0
15583.0,1,0,1
15584.0,0,0,0
15585.0,1,0,1
15586.0,1,0,1
15587.0,0,0,2
15588.0,1,0,1
15589.0,1,0,1
15590.0,0,0,2
15591.0,1,0,1
15592.0,1,0,1
15593.0,1,0,1
15594.0,0,0,0
15595.0,1,0,1
15596.0,0,0,0
15597.0,0,0,1
15598.0,0,0,1
15599.0,0,0,0
15600.0,0,0,2
15601.0,2,0,0
15602.0,2,0,0
15603.0,1,0,1
15604.0,1,0,1
15605.0,0,0,0
15606.0,2,0,0
15607.0,0,0,2
15608.0,0,0,0
15609.0,1,0,1
15610.0,1,0,1
15611.0,2,0,0
15612.0,1,0,1
15613.0,1,0,1
15614.0,0,0,2
15615.0,2,0,0
15616.0,1,0,1
15617.0,1,0,1
15618.0,0,0,0
15619.0,0,0,1
15620.0,0,0,2
15621.0,0,0,0
15622.0,2,0,0
15623.0,0,0,0
15624.0,0,0,1
15625.0,0,0,0
15626.0,0,0,2
15627.0,1,0,1
15628.0,2,0,0
15629.0,0,0,2
15630.0,0,0,2
15631.0,1,0,1
15632.0,2,0,0
15633.0,0,0,2
15634.0,0,0,1
15635.0,1,0,1
15636.0,0,0,2
15637.0,0,0,2
15638.0,0,0,2
15639.0,0,0,2
15640.0,2,0,0
15641.0,2,0,0
15642.0,1,0,1
15643.0,1,0,1
15644.0,0,0,2
15645.0,0,0,0
15646.0,0,0,2
15647.0,1,0,1
15648.0,1,0,1
15649.0,0,0,2
15650.0,1,0,1
15651.0,0,0,2
15652.0,0,0,2
15653.0,0,0,1
15654.0,0,0,0
15655.0,1,0,1
15656.0,0,0,0
15657.0,1,-1,1
15658.0,0,0,2
15659.0,0,0,1
15660.0,2,0,0
15661.0,0,0,2
15662.0,1,0,1
15663.0,1,0,1
15664.0,0,0,2
15665.0,0,0,2
15666.0,1,0,1
15667.0,1,0,1
15668.0,1,0,1
15669.0,0,0,0
15670.0,1,0,1
15671.0,0,0,0
15672.0,1,0,1
15673.0,2,0,0
15674.0,2,0,0
15675.0,0,0,1
15676.0,0,0,0
15677.0,0,0,2
15678.0,0,0,2
15679.0,0,0,0
15680.0,2,0,0
15681.0,2,0,0
15682.0,1,0,1
15683.0,1,0,1
15684.0,1,0,1
15685.0,1,0,1
15686.0,1,0,1
15687.0,2,0,0
15688.0,1,0,1
15689.0,0,0,1
15690.0,0,0,1
15691.0,1,0,1
15692.0,1,0,1
15693.0,1,0,1
15694.0,2,0,0
15695.0,0,0,2
15696.0,2,0,0
15697.0,1,0,1
15698.0,1,0,1
15699.0,0,0,1
15700.0,1,0,1
15701.0,0,0,0
15702.0,1,0,1
15703.0,1,0,1
15704.0,0,0,0
15705.0,1,0,1
15706.0,0,0,2
15707.0,0,0,0
15708.0,2,0,0
15709.0,1,0,1
15710.0,1,0,1
15711.0,1,0,1
15712.0,2,0,0
15713.0,0,0,2
15714.0,0,0,0
15715.0,1,0,1
15716.0,0,0,0
15717.0,0,0,2
15718.0,1,0,1
15719.0,2,0,0
15720.0,0,0,0
15721.0,0,0,1
15722.0,2,0,0
15723.0,0,0,1
15724.0,1,0,1
15725.0,0,0,1
15726.0,1,0,1
15727.0,2,0,0
15728.0,1,0,1
15729.0,1,0,1
15730.0,0,0,2
15731.0,1,0,1
15732.0,0,0,2
15733.0,1,0,1
15734.0,0,0,2
15735.0,1,0,1
15736.0,1,0,1
15737.0,0,0,0
15738.0,2,0,0
15739.0,1,0,1
15740.0,1,0,1
15741.0,1,0,1
15742.0,1,0,1
15743.0,0,0,0
15744.0,1,0,1
15745.0,0,0,0
15746.0,1,0,1
15747.0,2,0,0
15748.0,0,0,1
15749.0,2,0,2
15750.0,2,0,0
15751.0,0,0,2
15752.0,2,0,0
15753.0,1,0,1
15754.0,0,0,0
15755.0,2,0,0
15756.0,0,0,1
15757.0,0,0,2
15758.0,1,0,1
15759.0,0,0,2
15760.0,0,0,2
15761.0,1,0,1
15762.0,0,0,1
15763.0,0,0,1
15764.0,0,0,0
15765.0,1,0,1
15766.0,0,0,1
15768.0,2,-1,0
15769.0,2,-1,0
15770.0,1,0,1
15771.0,1,0,1
15772.0,1,0,1
15773.0,0,0,0
15774.0,0,0,2
15775.0,1,0,1
15776.0,1,0,1
15777.0,0,0,2
15778.0,1,0,1
15779.0,1,0,1
15780.0,1,0,1
15781.0,0,0,1
15782.0,0,0,0
15783.0,0,0,1
15784.0,1,0,1
15785.0,2,0,0
15786.0,2,0,0
15787.0,0,0,0
15788.0,1,0,1
15789.0,0,0,2
15790.0,0,0,1
15791.0,0,0,2
15792.0,1,0,1
15793.0,2,0,0
15794.0,1,0,1
15795.0,0,0,2
15796.0,2,0,0
15797.0,0,0,2
15798.0,1,0,2
15799.0,0,0,2
15800.0,0,0,2
15801.0,0,0,0
15802.0,1,0,1
15803.0,0,0,2
15804.0,2,0,0
15805.0,2,0,0
15806.0,0,0,1
15807.0,0,0,2
15808.0,2,-1,0
15809.0,0,0,0
15810.0,0,0,0
15811.0,2,0,0
15812.0,2,0,0
15813.0,0,0,1
15814.0,0,0,0
15815.0,0,0,2
15816.0,1,0,1
15817.0,0,0,2
15818.0,1,0,1
15819.0,2,0,0
15820.0,1,0,1
15821.0,0,0,1
15822.0,2,0,0
15823.0,0,0,2
15824.0,1,0,1
15825.0,1,0,1
15826.0,0,0,2
15827.0,2,0,0
15828.0,1,0,1
15829.0,0,0,1
15830.0,0,0,1
15831.0,0,0,1
15832.0,1,0,1
15833.0,1,0,1
15834.0,0,0,0
15835.0,0,0,2
15836.0,1,0,1
15837.0,0,0,1
15838.0,2,0,0
15839.0,0,0,0
15840.0,1,0,1
15841.0,0,0,0
15842.0,1,0,1
15843.0,1,0,1
15844.0,1,0,1
15845.0,2,0,0
15846.0,1,0,1
15847.0,0,0,0
15848.0,1,0,1
15850.0,0,0,0
15851.0,1,0,1
15852.0,1,0,1
15853.0,1,0,1
15854.0,2,0,0
15855.0,0,0,2
15856.0,2,0,0
15857.0,0,0,1
15858.0,2,0,0
15859.0,1,0,1
15860.0,2,0,0
15861.0,2,0,0
15862.0,2,0,0
15863.0,0,0,0
15864.0,0,0,0
15865.0,0,0,0
15866.0,1,0,1
15867.0,2,0,0
15868.0,1,0,1
15869.0,1,0,1
15870.0,0,0,0
15871.0,1,0,1
15872.0,0,0,0
15873.0,1,0,1
15874.0,2,0,0
15875.0,1,0,1
15876.0,1,0,1
15877.0,0,0,0
15878.0,1,0,1
15879.0,0,0,2
15880.0,1,0,1
15881.0,1,0,1
15882.0,0,0,2
15883.0,0,0,0
15884.0,1,0,1
15885.0,0,0,0
15886.0,0,0,2
15887.0,1,0,1
15888.0,0,0,1
15889.0,0,0,2
15890.0,1,0,1
15891.0,1,0,1
15892.0,1,0,1
15893.0,1,0,1
15894.0,1,0,1
15895.0,1,0,1
15897.0,1,0,1
15898.0,2,0,0
15899.0,1,0,1
15900.0,0,0,0
15901.0,0,0,0
15902.0,1,0,1
15903.0,2,0,0
15904.0,0,0,1
15905.0,1,0,1
15906.0,2,0,0
15907.0,0,0,0
15908.0,1,0,1
15909.0,1,0,1
15910.0,2,0,0
15911.0,0,0,2
15912.0,0,0,2
15913.0,1,-1,1
15914.0,1,0,1
15915.0,1,0,1
15916.0,2,0,0
15917.0,0,0,1
15918.0,1,0,1
15919.0,0,0,0
15920.0,0,0,2
15921.0,0,0,2
15922.0,1,0,1
15923.0,1,0,1
15924.0,1,0,1
15925.0,1,0,1
15926.0,1,0,1
15927.0,1,0,1
15928.0,1,0,1
15929.0,1,0,1
15930.0,1,0,1
15931.0,1,0,1
15932.0,2,0,0
15933.0,0,0,0
15934.0,1,0,1
15935.0,1,0,1
15936.0,1,0,1
15937.0,1,0,1
15938.0,0,0,2
15939.0,2,0,0
15940.0,1,0,1
15941.0,1,0,1
15942.0,1,0,1
15943.0,1,0,1
15944.0,0,0,2
15945.0,1,0,1
15946.0,0,0,2
15947.0,0,0,1
15948.0,0,0,0
15949.0,0,0,1
15950.0,2,0,0
15951.0,0,0,0
15952.0,0,0,0
15953.0,2,0,0
15954.0,1,0,1
15955.0,2,0,0
15956.0,1,0,1
15957.0,0,0,0
15958.0,0,0,1
15959.0,1,0,1
15960.0,1,0,1
15961.0,1,0,1
15962.0,1,0,1
15963.0,0,0,1
15964.0,1,0,1
15965.0,2,0,0
15966.0,1,0,1
15967.0,2,0,0
15968.0,1,0,1
15969.0,0,0,0
15970.0,1,0,1
15971.0,2,0,0
15972.0,0,0,2
15973.0,1,0,1
15974.0,0,0,0
15975.0,1,0,1
15976.0,0,0,2
15977.0,0,0,0
15978.0,0,0,2
15979.0,1,0,1
15980.0,2,0,0
15981.0,2,0,0
15982.0,1,0,1
15983.0,2,0,0
15984.0,2,0,0
15985.0,0,0,2
15986.0,0,0,1
15987.0,0,0,0
15988.0,0,0,0
15989.0,1,0,1
15990.0,0,0,2
15991.0,1,0,1
15992.0,0,0,0
15993.0,2,0,0
15994.0,0,0,2
15995.0,1,0,1
15996.0,0,0,2
15998.0,2,0,0
15999.0,1,0,1
16000.0,2,0,0
16001.0,1,0,1
16002.0,1,0,1
16003.0,2,0,0
16004.0,0,0,2
16005.0,2,0,0
16006.0,1,0,1
16007.0,0,0,2
16008.0,2,0,0
16009.0,0,0,0
16010.0,0,0,2
16011.0,2,0,0
16012.0,0,0,0
16013.0,2,-1,0
16014.0,0,0,0
16015.0,0,0,0
16016.0,2,0,0
16017.0,0,0,2
16018.0,0,0,0
16019.0,2,0,0
16020.0,0,0,0
16021.0,1,0,1
16022.0,1,0,1
16023.0,0,0,1
16024.0,0,0,0
16025.0,0,0,1
16026.0,1,0,1
16027.0,2,0,0
16028.0,1,0,1
16029.0,2,-1,0
16030.0,1,0,1
16031.0,1,0,1
16032.0,0,0,2
16033.0,2,0,0
16034.0,0,0,2
16035.0,1,0,1
16036.0,0,0,2
16037.0,0,0,2
16038.0,0,0,0
16039.0,1,0,1
16040.0,0,0,2
16041.0,0,0,2
16042.0,0,0,0
16043.0,0,0,0
16044.0,1,0,1
16045.0,0,0,0
16046.0,1,0,1
16047.0,1,0,1
16048.0,0,0,2
16049.0,0,0,0
16050.0,1,0,1
16051.0,1,0,1
16052.0,1,0,1
16053.0,0,0,0
16054.0,0,0,2
16055.0,1,0,1
16056.0,0,0,1
16057.0,2,0,0
16058.0,1,0,1
16059.0,2,0,0
16060.0,1,0,1
16061.0,1,0,1
16062.0,2,0,0
16063.0,1,0,1
16064.0,1,0,1
16065.0,0,0,2
16066.0,0,0,0
16067.0,0,0,2
16068.0,1,0,1
16069.0,1,0,1
16070.0,0,0,0
16071.0,0,0,2
16072.0,0,0,2
16073.0,1,0,1
16074.0,1,0,1
16075.0,1,0,1
16076.0,2,0,0
16077.0,1,0,1
16078.0,1,0,1
16079.0,0,0,0
16080.0,0,0,1
16081.0,2,0,0
16082.0,1,0,1
16083.0,0,0,2
16084.0,1,0,1
16085.0,2,0,0
16086.0,0,0,0
16087.0,0,0,2
16088.0,1,0,1
16089.0,1,0,1
16090.0,1,0,1
16091.0,1,0,1
16092.0,0,0,2
16093.0,1,-1,1
16094.0,2,0,0
16095.0,1,0,1
16096.0,0,0,2
16097.0,1,0,1
16098.0,2,0,0
16099.0,0,0,2
16100.0,1,0,1
16101.0,0,0,2
16102.0,0,0,2
16103.0,2,0,0
16104.0,0,0,0
16105.0,0,0,2
16106.0,1,0,1
16107.0,2,0,0
16108.0,0,0,2
16109.0,0,0,1
16110.0,0,0,2
16111.0,1,0,1
16112.0,1,0,1
16113.0,1,0,1
16114.0,1,0,1
16115.0,2,0,0
16116.0,1,0,1
16117.0,1,0,1
16118.0,1,0,2
16119.0,2,0,0
16120.0,0,0,2
16121.0,0,0,2
16122.0,0,0,2
16123.0,1,0,1
16124.0,0,0,2
16125.0,0,0,2
16126.0,2,0,0
16127.0,0,0,1
16128.0,2,0,0
16129.0,1,0,1
16130.0,1,0,1
16131.0,2,0,0
16132.0,1,0,1
16133.0,2,0,0
16134.0,0,0,0
16135.0,1,0,1
16136.0,0,0,2
16137.0,1,0,1
16138.0,1,0,1
16139.0,0,0,0
16140.0,0,0,2
16141.0,0,0,1
16142.0,1,0,1
16143.0,2,0,0
16144.0,1,0,1
16145.0,2,0,0
16146.0,0,0,2
16147.0,0,0,2
16148.0,1,0,1
16149.0,0,0,0
16150.0,2,0,0
16152.0,1,0,1
16153.0,2,0,0
16155.0,0,0,2
16156.0,2,0,0
16157.0,0,0,0
16158.0,0,0,2
16159.0,0,0,2
16160.0,0,0,1
16161.0,2,0,0
16162.0,1,0,1
16163.0,0,0,2
16164.0,0,0,0
16165.0,1,0,1
16166.0,1,0,1
16167.0,0,0,2
16168.0,2,0,0
16169.0,0,0,0
16170.0,2,0,0
16171.0,1,0,1
16172.0,0,0,2
16173.0,0,0,0
16174.0,0,0,2
16175.0,0,0,2
16176.0,0,0,2
16177.0,0,0,2
16178.0,1,0,1
16179.0,1,0,1
16180.0,2,0,0
16181.0,1,0,1
16182.0,2,0,0
16183.0,0,0,2
16184.0,0,0,2
16185.0,0,0,0
16186.0,2,0,0
16187.0,2,0,0
16188.0,0,0,2
16189.0,0,0,1
16190.0,0,0,0
16191.0,2,0,0
16192.0,1,0,1
16193.0,1,0,1
16194.0,1,0,1
16195.0,1,0,1
16196.0,1,0,1
16197.0,0,0,2
16198.0,0,0,1
16199.0,0,0,2
16200.0,2,0,0
16201.0,2,0,0
16202.0,0,0,2
16203.0,0,0,2
16204.0,0,0,0
16205.0,0,0,0
16206.0,2,0,0
16207.0,0,0,1
16208.0,2,0,0
16209.0,0,0,0
16210.0,2,0,0
16211.0,0,0,2
16212.0,0,0,0
16213.0,1,0,1
16214.0,0,0,2
16215.0,1,0,1
16216.0,1,0,1
16217.0,1,0,1
16218.0,2,0,0
16219.0,1,0,1
16221.0,0,0,0
16222.0,1,0,1
16223.0,1,0,1
16224.0,0,0,2
16225.0,2,0,0
16226.0,0,0,2
16227.0,0,0,1
16228.0,1,0,1
16229.0,0,0,2
16230.0,1,0,1
16231.0,0,0,2
16232.0,0,0,0
16233.0,0,0,2
16234.0,1,0,1
16235.0,0,0,0
16236.0,1,0,1
16237.0,1,0,1
16238.0,1,0,1
16239.0,0,0,2
16240.0,0,0,0
16241.0,2,0,0
16242.0,2,0,0
16243.0,0,0,1
16244.0,0,0,2
16245.0,0,0,0
16246.0,1,0,1
16247.0,1,0,1
16248.0,1,0,1
16249.0,0,0,2
16250.0,1,0,1
16251.0,1,0,1
16252.0,1,0,1
16253.0,2,0,0
16254.0,1,0,1
16255.0,2,0,0
16256.0,0,0,2
16257.0,1,0,1
16258.0,2,0,0
16259.0,1,0,1
16260.0,0,0,1
16261.0,0,0,0
16262.0,1,0,1
16263.0,1,0,1
16264.0,1,0,1
16265.0,2,0,0
16266.0,0,0,0
16267.0,1,0,1
16268.0,0,0,1
16269.0,1,0,1
16270.0,1,0,1
16271.0,2,0,0
16272.0,1,0,1
16273.0,1,0,1
16274.0,1,0,1
16275.0,0,0,2
16276.0,0,0,2
16277.0,1,0,1
16278.0,0,0,2
16279.0,2,0,0
16280.0,1,0,1
16281.0,0,0,2
16282.0,0,0,1
16283.0,2,0,0
16284.0,0,0,0
16285.0,1,0,1
16286.0,1,0,1
16287.0,0,0,2
16288.0,1,0,1
16289.0,1,0,1
16290.0,0,0,2
16291.0,1,0,1
16292.0,0,0,2
16293.0,2,0,0
16294.0,1,0,1
16295.0,0,0,0
16296.0,1,0,2
16297.0,1,0,1
16298.0,0,0,0
16299.0,1,0,1
16300.0,1,0,1
16301.0,1,0,1
16302.0,1,0,1
16303.0,2,0,0
16304.0,1,0,1
16305.0,1,0,1
16306.0,0,0,2
16307.0,1,0,1
16308.0,2,0,0
16309.0,0,0,1
16310.0,1,0,1
16311.0,0,0,1
16312.0,1,0,1
16313.0,0,0,1
16314.0,0,0,2
16315.0,1,0,1
16316.0,2,0,0
16317.0,0,0,2
16318.0,1,0,1
16319.0,1,0,1
16320.0,0,0,2
16321.0,0,0,2
16322.0,0,0,0
16323.0,1,0,1
16324.0,1,0,1
16325.0,2,0,0
16326.0,2,0,0
16327.0,2,0,0
16328.0,1,0,1
16329.0,0,0,2
16330.0,0,0,0
16331.0,0,0,2
16332.0,2,0,0
16333.0,2,0,0
16334.0,1,0,1
16335.0,0,0,2
16336.0,0,0,2
16337.0,1,0,1
16338.0,1,0,1
16339.0,1,0,1
16340.0,0,0,2
16341.0,2,0,0
16342.0,0,0,1
16343.0,0,0,0
16344.0,0,0,2
16345.0,0,0,1
16346.0,1,0,1
16347.0,2,0,0
16348.0,0,0,0
16349.0,1,0,1
16350.0,2,0,0
16351.0,0,0,2
16352.0,0,0,1
16353.0,2,0,0
16354.0,0,0,2
16355.0,1,0,1
16356.0,0,0,2
16357.0,0,0,0
16358.0,2,0,0
16359.0,2,0,0
16360.0,2,0,0
16361.0,0,0,0
16362.0,0,0,0
16363.0,1,0,1
16364.0,0,0,0
16365.0,2,0,0
16366.0,0,0,0
16367.0,0,0,0
16368.0,0,0,0
16369.0,2,0,0
16370.0,0,0,2
16371.0,1,0,1
16372.0,0,0,0
16373.0,1,0,1
16374.0,0,0,2
16375.0,1,0,1
16376.0,0,0,0
16377.0,1,0,1
16378.0,1,0,1
16379.0,0,0,0
16380.0,0,0,1
16381.0,1,0,1
16382.0,1,0,1
16383.0,0,0,0
16384.0,0,0,2
16385.0,0,0,2
16386.0,0,0,0
16387.0,0,0,2
16388.0,1,0,1
16389.0,0,0,2
16390.0,1,0,1
16391.0,0,0,2
16392.0,1,0,1
16393.0,2,0,0
16394.0,0,0,2
16395.0,2,0,0
16396.0,1,0,1
16397.0,1,0,1
16398.0,0,0,2
16399.0,0,0,0
16400.0,0,0,0
16401.0,2,0,0
16402.0,1,0,1
16403.0,1,0,1
16404.0,1,0,1
16405.0,1,0,1
16406.0,0,0,1
16407.0,2,0,0
16408.0,1,0,1
16409.0,2,0,0
16410.0,1,0,1
16411.0,0,0,0
16412.0,0,0,2
16413.0,0,0,1
16414.0,0,0,0
16415.0,0,0,1
16416.0,2,0,0
16417.0,1,0,1
16418.0,0,0,2
16419.0,0,0,2
16420.0,1,0,1
16421.0,1,0,1
16422.0,2,-1,0
16423.0,0,0,1
16424.0,1,0,1
16425.0,1,0,1
16426.0,2,0,0
16427.0,1,0,1
16428.0,1,0,1
16429.0,1,0,1
16430.0,0,0,2
16431.0,1,0,1
16432.0,1,0,1
16433.0,0,0,1
16434.0,2,0,0
16435.0,1,0,1
16436.0,1,0,1
16437.0,1,0,1
16438.0,0,0,0
16439.0,1,0,1
16440.0,2,0,0
16441.0,0,0,2
16442.0,0,0,0
16443.0,1,0,1
16444.0,2,0,0
16445.0,0,0,0
16446.0,2,0,0
16447.0,0,0,2
16448.0,1,0,1
16449.0,1,0,1
16450.0,0,0,2
16451.0,0,0,2
16452.0,1,0,1
16453.0,1,0,1
16454.0,1,0,1
16455.0,2,0,0
16456.0,2,0,0
16457.0,1,0,1
16458.0,2,0,0
16459.0,1,0,1
16460.0,0,0,0
16461.0,0,0,2
16462.0,1,0,1
16463.0,0,0,0
16464.0,0,0,0
16465.0,1,0,1
16466.0,2,0,0
16467.0,0,0,2
16468.0,0,0,1
16469.0,0,0,0
16470.0,2,0,0
16471.0,0,0,2
16472.0,1,0,1
16473.0,0,0,1
16474.0,2,0,0
16475.0,0,0,1
16476.0,1,0,1
16477.0,2,0,0
16478.0,0,0,1
16479.0,0,0,1
16480.0,1,0,1
16481.0,1,0,1
16482.0,1,0,1
16483.0,1,0,1
16484.0,1,0,1
16485.0,0,0,2
16486.0,1,0,1
16487.0,1,0,1
16488.0,0,0,1
16489.0,1,0,1
16490.0,1,0,1
16491.0,0,0,1
16492.0,1,0,1
16493.0,0,0,2
16494.0,1,0,1
16495.0,0,0,0
16496.0,2,0,0
16497.0,2,0,0
16498.0,1,0,1
16499.0,0,0,2
16500.0,0,0,0
16501.0,1,0,1
16502.0,1,0,1
16503.0,2,0,0
16504.0,0,0,1
16505.0,0,0,1
16506.0,1,0,1
16507.0,1,0,1
16508.0,1,0,1
16509.0,1,0,1
16510.0,0,0,2
16511.0,0,0,0
16513.0,0,0,0
16515.0,2,0,0
16516.0,1,0,1
16517.0,1,0,1
16518.0,0,0,2
16519.0,0,0,0
16520.0,0,0,2
16521.0,1,0,1
16522.0,1,0,1
16523.0,2,0,0
16524.0,1,0,1
16525.0,2,0,0
16526.0,1,0,1
16527.0,0,0,1
16528.0,0,0,1
16529.0,0,0,2
16530.0,1,0,1
16531.0,2,0,0
16532.0,2,0,0
16533.0,0,0,0
16534.0,1,0,1
16535.0,0,0,0
16536.0,1,0,1
16537.0,1,0,1
16538.0,1,0,1
16539.0,2,0,0
16540.0,1,0,1
16541.0,1,0,1
16542.0,1,0,1
16543.0,1,0,1
16544.0,1,0,1
16545.0,1,0,1
16546.0,0,0,2
16547.0,1,0,1
16548.0,1,0,1
16549.0,2,0,0
16550.0,2,0,0
16551.0,0,0,2
16552.0,1,0,1
16553.0,2,-1,0
16554.0,0,0,0
16555.0,0,0,0
16556.0,2,0,0
16557.0,0,0,1
16558.0,2,0,0
16559.0,1,0,1
16560.0,2,0,0
16561.0,0,0,0
16562.0,1,0,1
16563.0,0,0,0
16564.0,1,0,1
16565.0,1,0,1
16566.0,0,0,0
16567.0,1,0,1
16568.0,1,0,1
16569.0,0,0,0
16570.0,2,0,0
16571.0,2,0,0
16572.0,0,0,2
16573.0,0,0,1
16574.0,0,0,2
16576.0,1,0,1
16577.0,1,0,1
16578.0,1,0,1
16579.0,1,0,1
16581.0,1,0,1
16582.0,1,0,1
16583.0,1,0,1
16584.0,0,0,2
16585.0,1,0,1
16586.0,0,0,2
16587.0,1,0,1
16588.0,0,0,2
16589.0,0,0,1
16590.0,1,0,1
16591.0,1,0,1
16592.0,2,0,0
16593.0,0,0,2
16594.0,1,0,1
16595.0,0,0,2
16596.0,0,0,0
16597.0,0,-1,1
16598.0,1,0,1
16599.0,1,0,1
16600.0,2,0,0
16601.0,0,0,1
16602.0,0,0,1
16603.0,0,0,1
16604.0,1,0,1
16605.0,1,0,1
16606.0,1,0,1
16607.0,2,0,0
16608.0,1,0,1
16609.0,2,0,0
16610.0,1,0,1
16611.0,0,0,2
16612.0,2,0,0
16613.0,1,0,1
16614.0,0,0,2
16615.0,1,0,1
16616.0,0,0,1
16617.0,1,0,1
16618.0,0,0,0
16619.0,0,0,2
16620.0,2,0,0
16621.0,0,0,2
16622.0,1,0,1
16623.0,0,0,2
16624.0,0,0,1
16625.0,0,0,2
16626.0,2,0,0
16627.0,1,0,1
16628.0,0,0,0
16629.0,1,0,1
16630.0,1,0,1
16631.0,0,0,2
16632.0,1,0,1
16633.0,0,0,0
16634.0,0,0,2
16635.0,1,0,1
16636.0,0,0,2
16637.0,0,0,0
16638.0,2,0,0
16639.0,0,0,0
16640.0,1,0,1
16641.0,1,0,1
16642.0,0,0,0
16643.0,1,0,1
16644.0,1,0,1
16645.0,1,0,1
16646.0,1,0,1
16647.0,0,0,2
16648.0,0,0,1
16649.0,1,0,1
16650.0,0,0,2
16651.0,1,0,1
16652.0,2,0,0
16653.0,0,0,0
16654.0,0,0,2
16655.0,2,0,0
16656.0,2,0,0
16657.0,0,0,0
16658.0,0,0,2
16659.0,1,0,1
16660.0,0,0,0
16661.0,1,0,1
16662.0,1,0,1
16663.0,1,0,1
16664.0,1,0,1
16665.0,1,0,1
16666.0,0,0,1
16667.0,0,0,1
16668.0,0,0,0
16669.0,0,0,0
16670.0,2,0,0
16671.0,0,0,0
16672.0,2,0,0
16673.0,1,0,1
16674.0,1,0,1
16675.0,1,0,1
16676.0,0,0,0
16677.0,1,0,1
16678.0,2,0,0
16679.0,1,0,1
16680.0,0,0,1
16681.0,0,0,2
16682.0,0,0,0
16683.0,1,0,1
16684.0,2,-1,0
16685.0,1,0,1
16686.0,2,0,0
16687.0,1,0,1
16688.0,0,0,0
16689.0,1,0,1
16690.0,0,0,1
16691.0,1,0,1
16692.0,0,0,2
16693.0,0,0,2
16694.0,1,0,1
16695.0,1,0,1
16696.0,0,0,2
16697.0,1,0,1
16698.0,0,0,1
16699.0,0,0,2
16700.0,2,0,0
16701.0,2,0,0
16702.0,0,0,2
16704.0,1,0,1
16705.0,2,0,0
16706.0,0,0,1
16707.0,1,0,1
16708.0,0,0,1
16709.0,2,0,0
16710.0,2,0,0
16711.0,2,0,0
16712.0,2,0,0
16713.0,2,0,0
16714.0,0,0,2
16715.0,0,0,1
16716.0,0,0,2
16717.0,2,0,0
16718.0,0,0,2
16719.0,2,0,0
16720.0,0,0,0
16721.0,1,0,1
16722.0,2,0,0
16723.0,0,0,2
16724.0,1,0,1
16725.0,0,0,2
16726.0,0,0,0
16727.0,0,0,2
16728.0,0,0,2
16729.0,2,0,0
16730.0,0,0,1
16731.0,1,0,1
16732.0,0,0,0
16733.0,1,0,1
16734.0,0,0,1
16735.0,2,0,0
16736.0,0,0,2
16737.0,0,0,1
16738.0,1,-1,1
16739.0,1,0,1
16740.0,1,0,1
16741.0,1,0,1
16742.0,2,0,0
16743.0,2,0,0
16744.0,0,0,0
16745.0,2,0,0
16746.0,2,0,0
16747.0,0,0,1
16748.0,2,0,0
16749.0,0,0,2
16750.0,0,0,0
16751.0,0,0,1
16752.0,1,0,1
16753.0,1,0,1
16754.0,2,-1,0
16755.0,0,0,2
16756.0,0,0,2
16757.0,1,0,1
16758.0,1,0,1
16759.0,0,0,0
16760.0,1,0,1
16761.0,1,0,1
16762.0,0,0,0
16763.0,1,0,1
16764.0,2,0,0
16765.0,1,0,1
16766.0,1,0,1
16767.0,2,0,0
16768.0,0,0,2
16769.0,0,0,2
16770.0,0,0,2
16771.0,2,0,0
16772.0,0,0,2
16773.0,0,0,1
16774.0,0,0,2
16775.0,2,0,0
16776.0,0,0,1
16777.0,0,0,2
16778.0,1,0,1
16779.0,2,0,0
16780.0,0,0,1
16781.0,1,0,1
16782.0,2,0,0
16783.0,1,0,1
16784.0,0,0,0
16785.0,1,0,1
16786.0,1,0,1
16787.0,0,0,2
16788.0,0,0,2
16789.0,1,0,1
16790.0,2,0,0
16791.0,2,0,0
16792.0,0,0,1
16793.0,1,0,1
16794.0,2,0,0
16795.0,0,0,2
16796.0,1,0,1
16797.0,0,0,2
16798.0,1,0,1
16799.0,1,0,1
16800.0,0,0,0
16801.0,0,0,2
16802.0,1,0,1
16803.0,1,0,1
16804.0,0,0,0
16805.0,0,0,2
16806.0,0,0,2
16807.0,0,0,2
16808.0,1,0,1
16809.0,0,0,0
16810.0,1,0,1
16811.0,0,0,0
16812.0,0,0,2
16813.0,2,0,0
16814.0,2,0,0
16815.0,1,0,1
16816.0,0,0,1
16817.0,2,0,0
16818.0,2,0,0
16819.0,1,0,1
16820.0,1,0,1
16821.0,1,0,1
16822.0,1,0,1
16823.0,0,0,2
16824.0,0,0,0
16825.0,0,0,2
16826.0,1,0,1
16827.0,1,0,1
16828.0,1,0,1
16829.0,1,0,1
16830.0,0,0,0
16831.0,1,0,1
16832.0,0,0,2
16833.0,2,0,0
16834.0,1,0,1
16835.0,0,0,2
16836.0,0,0,0
16837.0,2,0,0
16838.0,0,0,2
16839.0,2,0,0
16840.0,1,0,1
16841.0,2,0,0
16842.0,0,0,2
16843.0,2,0,0
16844.0,1,0,1
16845.0,1,0,1
16846.0,0,0,1
16847.0,0,0,1
16848.0,0,0,2
16849.0,1,0,1
16850.0,1,0,1
16851.0,0,0,0
16852.0,0,0,1
16854.0,1,0,1
16855.0,0,0,1
16856.0,0,0,1
16857.0,1,0,1
16858.0,0,0,2
16859.0,0,0,2
16860.0,1,0,2
16861.0,0,0,2
16862.0,1,0,1
16863.0,0,0,0
16864.0,1,0,1
16865.0,1,0,1
16866.0,1,0,1
16867.0,1,0,1
16868.0,1,0,1
16869.0,0,0,0
16870.0,1,0,1
16871.0,0,0,0
16872.0,0,0,2
16873.0,2,0,0
16874.0,1,0,1
16875.0,2,0,0
16876.0,1,0,1
16877.0,0,0,0
16878.0,1,-1,1
16880.0,0,0,0
16881.0,1,0,1
16882.0,0,0,1
16883.0,2,0,0
16884.0,0,0,0
16885.0,0,0,0
16886.0,1,0,1
16887.0,0,0,1
16888.0,1,0,1
16889.0,0,0,2
16890.0,1,0,1
16891.0,2,0,0
16892.0,2,0,0
16893.0,1,0,1
16894.0,1,0,1
16895.0,0,0,2
16896.0,1,0,1
16897.0,1,0,1
16898.0,0,0,0
16899.0,2,0,0
16900.0,0,0,0
16901.0,1,0,1
16902.0,0,0,1
16903.0,0,0,0
16904.0,2,0,0
16905.0,2,0,0
16906.0,0,0,2
16907.0,0,0,0
16908.0,1,0,1
16909.0,1,0,1
16910.0,2,0,0
16911.0,1,0,1
16912.0,2,0,0
16913.0,1,0,1
16914.0,1,0,1
16915.0,2,0,0
16916.0,0,0,0
16917.0,0,0,1
16918.0,2,0,0
16919.0,2,0,0
16920.0,1,0,1
16921.0,0,0,1
16922.0,1,0,1
16923.0,2,0,0
16924.0,0,0,0
16925.0,1,0,1
16926.0,0,0,2
16927.0,0,0,1
16928.0,2,0,0
16929.0,2,0,0
16930.0,0,0,1
16931.0,2,0,0
16932.0,0,0,1
16933.0,2,0,0
16934.0,0,0,2
16935.0,1,0,1
16936.0,0,0,1
16937.0,1,0,1
16938.0,2,0,0
16939.0,1,0,1
16940.0,2,0,0
16941.0,1,0,1
16942.0,2,0,0
16943.0,0,0,2
16944.0,1,0,1
16945.0,2,0,0
16946.0,0,0,2
16947.0,0,0,2
16948.0,0,0,2
16949.0,0,0,0
16950.0,2,0,0
16951.0,0,0,2
16952.0,0,0,2
16953.0,1,-1,1
16954.0,2,0,0
16955.0,0,0,2
16956.0,0,0,1
16957.0,1,0,1
16958.0,1,0,1
16959.0,1,0,1
16960.0,0,0,0
16961.0,0,0,1
16962.0,1,0,1
16963.0,1,0,1
16964.0,1,0,1
16965.0,1,0,1
16966.0,2,0,0
16967.0,1,0,1
16968.0,0,0,1
16969.0,0,0,1
16970.0,1,0,1
16971.0,1,0,1
16972.0,1,0,1
16973.0,1,0,1
16974.0,1,0,1
16975.0,1,0,1
16976.0,1,0,1
16977.0,1,0,1
16978.0,0,0,1
16979.0,2,0,0
16980.0,0,0,2
16982.0,1,0,1
16983.0,2,0,0
16984.0,2,0,0
16985.0,2,0,0
16986.0,2,0,0
16987.0,2,0,0
16988.0,0,0,1
16989.0,0,0,0
16990.0,1,0,1
16991.0,1,0,1
16992.0,2,0,0
16993.0,1,0,1
16996.0,0,0,0
16997.0,1,0,1
16998.0,0,0,2
16999.0,0,0,1
17000.0,1,0,1
17001.0,2,0,0
17002.0,0,0,2
17003.0,1,0,1
17004.0,0,0,2
17005.0,1,0,1
17006.0,2,0,0
17007.0,0,0,2
17008.0,1,0,1
17009.0,1,0,1
17010.0,1,0,1
17011.0,0,0,1
17012.0,1,0,1
17014.0,0,0,0
17015.0,0,0,0
17016.0,1,0,1
17017.0,2,0,0
17018.0,0,0,0
17019.0,2,0,0
17020.0,1,0,1
17021.0,0,0,2
17022.0,0,0,1
17023.0,1,0,1
17024.0,1,0,1
17025.0,0,0,2
17026.0,1,0,1
17027.0,0,0,2
17028.0,1,0,2
17029.0,0,0,2
17030.0,1,0,1
17031.0,2,0,0
17032.0,0,0,2
17033.0,0,0,2
17034.0,0,0,0
17035.0,0,0,1
17036.0,1,0,1
17037.0,0,0,1
17038.0,0,0,1
17039.0,1,0,1
17040.0,1,0,1
17041.0,0,0,0
17042.0,0,0,0
17043.0,0,0,0
17044.0,2,0,0
17045.0,0,0,2
17046.0,0,0,2
17047.0,0,0,2
17048.0,0,0,2
17049.0,2,0,0
17050.0,2,0,0
17051.0,0,0,2
17052.0,0,0,1
17053.0,1,0,1
17054.0,0,0,0
17055.0,1,0,1
17056.0,1,0,1
17057.0,1,0,1
17058.0,0,0,2
17059.0,2,0,0
17060.0,1,0,1
17061.0,2,0,0
17062.0,0,0,2
17063.0,2,0,0
17064.0,0,0,1
17065.0,1,0,1
17066.0,1,0,1
17067.0,1,0,1
17068.0,2,0,0
17069.0,2,0,0
17070.0,1,0,1
17071.0,2,0,0
17072.0,1,0,1
17073.0,0,0,0
17074.0,1,0,1
17075.0,2,0,0
17076.0,0,0,2
17077.0,1,0,1
17078.0,0,0,1
17079.0,1,0,1
17080.0,0,0,0
17081.0,0,0,0
17082.0,2,0,0
17083.0,0,0,0
17084.0,0,0,0
17085.0,2,0,0
17086.0,2,0,0
17087.0,1,0,1
17088.0,0,0,0
17089.0,1,0,1
17090.0,2,0,0
17091.0,2,0,0
17092.0,2,0,0
17093.0,1,0,1
17094.0,1,0,1
17095.0,0,0,0
17096.0,2,0,0
17097.0,2,0,0
17098.0,1,0,1
17099.0,1,0,1
17100.0,0,0,0
17101.0,2,0,0
17102.0,1,0,1
17103.0,1,0,1
17104.0,1,0,1
17105.0,1,0,1
17106.0,1,0,1
17107.0,2,0,0
17108.0,1,0,1
17109.0,0,0,0
17110.0,1,0,1
17111.0,0,0,1
17112.0,1,0,1
17113.0,0,0,2
17114.0,0,0,0
17115.0,2,0,0
17116.0,1,0,1
17117.0,1,0,1
17118.0,1,0,1
17119.0,0,0,0
17120.0,1,0,1
17121.0,1,0,1
17122.0,0,0,1
17123.0,0,0,2
17124.0,1,0,1
17125.0,1,0,1
17126.0,0,0,0
17127.0,0,0,2
17128.0,1,0,1
17129.0,1,0,1
17131.0,2,0,0
17132.0,1,0,1
17133.0,2,0,0
17134.0,0,0,1
17135.0,2,0,0
17136.0,1,0,1
17137.0,0,0,2
17138.0,0,0,2
17139.0,2,0,0
17140.0,1,0,1
17141.0,1,0,1
17142.0,0,0,2
17143.0,1,0,1
17144.0,0,0,0
17145.0,0,0,2
17146.0,2,0,0
17147.0,2,0,0
17148.0,1,0,1
17149.0,1,0,1
17150.0,0,0,2
17151.0,1,0,1
17152.0,0,0,2
17153.0,1,0,1
17154.0,1,0,1
17155.0,0,0,0
17156.0,1,0,1
17157.0,2,0,0
17158.0,0,0,0
17159.0,0,0,0
17160.0,2,0,0
17161.0,1,0,1
17162.0,0,0,0
17163.0,0,0,0
17164.0,0,0,0
17165.0,0,0,2
17166.0,1,0,1
17167.0,1,0,1
17168.0,1,0,1
17169.0,0,0,2
17170.0,1,0,1
17171.0,1,0,1
17172.0,0,0,2
17173.0,2,0,0
17174.0,1,0,1
17175.0,0,0,2
17176.0,0,0,1
17177.0,1,0,1
17178.0,1,0,1
17179.0,0,0,2
17180.0,0,0,0
17181.0,0,0,1
17182.0,1,0,1
17183.0,2,0,0
17184.0,1,0,1
17185.0,1,0,1
17186.0,1,0,1
17187.0,1,0,1
17188.0,2,0,0
17189.0,0,0,2
17190.0,0,0,2
17191.0,2,0,0
17192.0,1,0,1
17193.0,0,0,0
17194.0,1,0,1
17195.0,1,0,1
17196.0,1,0,1
17197.0,0,0,1
17198.0,0,0,0
17199.0,1,0,1
17200.0,1,0,1
17201.0,0,0,2
17202.0,1,0,1
17203.0,2,0,0
17204.0,0,0,0
17205.0,0,0,1
17206.0,1,0,1
17207.0,1,0,1
17208.0,1,0,1
17209.0,1,0,1
17210.0,1,0,1
17211.0,2,0,0
17212.0,1,0,1
17213.0,2,0,0
17214.0,0,0,2
17215.0,1,0,1
17216.0,1,0,1
17217.0,1,0,1
17218.0,2,0,0
17219.0,0,0,1
17220.0,2,0,0
17221.0,0,0,0
17222.0,0,0,2
17223.0,1,0,1
17224.0,1,0,1
17225.0,1,0,1
17226.0,1,0,1
17227.0,2,0,0
17228.0,2,0,0
17229.0,1,0,1
17230.0,2,0,2
17231.0,2,0,0
17232.0,0,0,0
17233.0,0,0,1
17234.0,1,0,1
17235.0,0,0,0
17236.0,2,0,0
17237.0,0,0,0
17238.0,2,0,0
17239.0,0,0,2
17240.0,1,0,1
17241.0,0,0,2
17242.0,0,0,2
17243.0,2,0,0
17244.0,0,0,2
17245.0,1,0,1
17246.0,1,0,1
17247.0,0,0,1
17248.0,1,0,1
17249.0,1,0,1
17250.0,0,0,1
17251.0,1,0,1
17252.0,1,0,1
17253.0,1,0,1
17254.0,0,0,0
17255.0,0,0,0
17256.0,0,0,1
17257.0,1,0,1
17258.0,1,0,1
17259.0,0,0,2
17260.0,1,0,1
17261.0,1,0,1
17262.0,2,0,0
17263.0,1,0,1
17264.0,1,0,1
17265.0,1,0,1
17266.0,0,0,0
17267.0,1,0,1
17268.0,0,0,2
17269.0,1,0,1
17270.0,1,0,1
17271.0,1,0,1
17272.0,0,0,2
17273.0,1,0,1
17274.0,0,0,1
17275.0,1,0,1
17276.0,1,0,1
17277.0,1,0,1
17278.0,1,0,1
17279.0,1,0,1
17280.0,1,0,1
17281.0,0,0,2
17282.0,0,0,2
17283.0,1,0,1
17284.0,0,0,0
17285.0,1,0,1
17286.0,0,0,1
17287.0,2,0,0
17288.0,2,0,0
17289.0,0,0,0
17290.0,2,0,0
17291.0,1,0,1
17292.0,1,0,1
17293.0,2,0,0
17294.0,1,0,1
17295.0,0,0,0
17296.0,1,0,1
17297.0,1,0,1
17298.0,0,0,2
17299.0,0,0,0
17300.0,1,0,1
17301.0,0,0,1
17302.0,0,0,0
17303.0,1,0,1
17304.0,1,0,1
17305.0,1,0,1
17306.0,2,0,0
17307.0,0,0,2
17308.0,0,0,2
17309.0,1,0,1
17310.0,1,0,1
17311.0,0,0,0
17312.0,0,0,1
17313.0,0,0,1
17314.0,2,0,0
17315.0,2,0,0
17316.0,1,0,1
17317.0,0,0,2
17318.0,1,0,1
17319.0,1,0,1
17320.0,0,0,2
17321.0,0,0,0
17322.0,0,0,2
17323.0,2,0,0
17324.0,2,0,0
17325.0,1,0,1
17326.0,1,0,1
17327.0,1,0,1
17328.0,1,0,1
17329.0,0,0,0
17330.0,0,0,0
17331.0,1,0,1
17332.0,1,0,2
17333.0,1,0,1
17334.0,1,0,1
17335.0,1,0,1
17336.0,1,0,1
17337.0,0,0,2
17338.0,2,0,0
17339.0,0,0,1
17340.0,2,0,0
17341.0,0,0,2
17342.0,0,0,2
17343.0,0,0,2
17344.0,0,0,1
17345.0,2,0,0
17346.0,2,0,0
17347.0,1,0,1
17348.0,2,0,0
17349.0,0,0,2
17350.0,2,0,0
17351.0,2,0,0
17352.0,1,0,1
17353.0,0,0,2
17354.0,0,0,2
17355.0,1,0,1
17356.0,0,0,2
17357.0,0,0,1
17358.0,0,0,2
17359.0,0,0,1
17360.0,0,0,0
17361.0,0,0,2
17362.0,0,0,2
17363.0,1,0,1
17364.0,2,0,0
17365.0,2,0,0
17366.0,1,0,1
17367.0,1,0,1
17368.0,2,0,0
17369.0,1,0,1
17370.0,0,0,1
17371.0,0,0,0
17372.0,2,0,0
17373.0,0,0,2
17374.0,1,0,1
17375.0,0,0,2
17376.0,0,0,1
17377.0,2,-1,0
17378.0,1,0,1
17379.0,0,0,1
17380.0,1,0,1
17381.0,2,0,0
17382.0,0,0,2
17383.0,0,0,1
17384.0,0,0,1
17385.0,0,0,1
17386.0,2,0,0
17387.0,0,0,1
17388.0,0,0,0
17389.0,2,-1,0
17390.0,1,0,1
17391.0,1,0,1
17392.0,1,0,1
17393.0,1,0,1
17394.0,1,0,1
17395.0,1,0,1
17396.0,2,0,0
17397.0,0,0,0
17398.0,0,0,1
17400.0,0,0,0
17401.0,1,0,1
17402.0,2,0,0
17403.0,0,0,1
17404.0,2,0,0
17405.0,0,0,0
17406.0,0,0,2
17407.0,1,0,1
17408.0,1,0,1
17409.0,2,0,0
17410.0,0,0,0
17411.0,0,0,0
17412.0,2,0,0
17413.0,1,0,1
17414.0,0,0,0
17415.0,1,0,1
17416.0,2,0,0
17417.0,1,0,1
17418.0,0,0,1
17419.0,2,0,0
17420.0,0,0,2
17421.0,1,0,1
17422.0,2,0,0
17423.0,0,0,0
17425.0,0,0,1
17426.0,2,0,0
17427.0,1,0,1
17428.0,2,0,0
17429.0,0,0,2
17430.0,0,0,0
17431.0,1,0,1
17432.0,0,0,0
17433.0,0,0,1
17434.0,2,0,0
17435.0,1,0,1
17436.0,0,0,0
17437.0,1,0,1
17438.0,0,0,2
17439.0,1,0,1
17440.0,1,0,1
17441.0,1,0,1
17442.0,2,0,0
17443.0,1,0,1
17444.0,0,0,2
17446.0,1,0,1
17447.0,0,0,1
17448.0,2,-1,0
17449.0,2,0,0
17450.0,2,-1,0
17451.0,2,0,0
17453.0,0,0,1
17454.0,0,0,2
17455.0,1,0,1
17456.0,1,0,1
17457.0,2,0,0
17458.0,0,0,1
17459.0,0,0,1
17460.0,2,0,0
17461.0,0,0,0
17462.0,0,0,1
17463.0,2,0,0
17464.0,0,0,2
17465.0,0,0,2
17466.0,0,0,0
17467.0,1,0,1
17468.0,0,0,1
17469.0,2,0,0
17470.0,2,0,0
17471.0,1,0,1
17472.0,0,0,2
17473.0,1,0,1
17474.0,1,0,1
17475.0,1,0,1
17476.0,1,0,1
17477.0,1,0,1
17478.0,1,0,1
17479.0,1,0,1
17480.0,0,0,1
17481.0,0,0,0
17482.0,1,0,1
17483.0,0,0,1
17484.0,1,0,1
17486.0,1,0,1
17487.0,1,0,1
17488.0,1,0,1
17489.0,0,0,1
17490.0,2,0,0
17491.0,2,0,0
17492.0,0,0,1
17493.0,1,0,1
17494.0,1,0,1
17495.0,0,0,0
17496.0,0,0,2
17497.0,1,0,1
17498.0,1,0,1
17499.0,1,0,1
17500.0,0,0,0
17501.0,1,0,1
17502.0,0,0,0
17503.0,0,0,0
17504.0,2,0,2
17505.0,0,0,2
17506.0,1,0,1
17507.0,1,0,1
17508.0,0,0,2
17509.0,2,0,0
17510.0,0,0,1
17511.0,2,-1,0
17512.0,2,0,0
17513.0,0,0,2
17514.0,1,0,1
17515.0,0,0,0
17516.0,0,0,0
17517.0,1,0,1
17518.0,1,0,1
17519.0,2,0,0
17520.0,1,0,1
17521.0,0,0,0
17522.0,0,0,0
17523.0,0,0,0
17524.0,1,0,1
17525.0,1,0,1
17526.0,2,0,0
17527.0,0,0,2
17528.0,2,0,0
17529.0,1,0,1
17530.0,2,0,0
17531.0,0,0,2
17532.0,1,0,1
17533.0,1,0,1
17534.0,0,0,2
17535.0,1,0,1
17536.0,1,0,1
17537.0,0,0,1
17538.0,1,0,1
17539.0,1,0,2
17540.0,0,0,0
17541.0,1,0,1
17542.0,1,0,1
17543.0,1,0,1
17544.0,1,0,1
17545.0,0,0,2
17547.0,1,0,1
17548.0,0,0,1
17549.0,1,0,1
17550.0,0,0,2
17551.0,1,0,1
17552.0,2,0,0
17553.0,0,0,2
17554.0,2,0,0
17555.0,0,0,0
17556.0,1,0,1
17557.0,0,0,0
17558.0,1,0,1
17559.0,1,0,1
17560.0,0,0,2
17561.0,0,0,0
17562.0,0,0,0
17563.0,1,0,1
17564.0,0,0,0
17565.0,1,0,1
17566.0,0,0,0
17567.0,2,0,0
17568.0,1,0,1
17569.0,1,0,1
17570.0,1,0,1
17571.0,0,0,2
17572.0,0,0,2
17573.0,0,0,1
17574.0,1,0,1
17575.0,1,0,1
17576.0,2,0,0
17577.0,1,0,1
17578.0,0,0,2
17579.0,0,0,0
17580.0,0,0,1
17581.0,2,0,0
17582.0,0,0,2
17583.0,1,0,1
17584.0,2,0,0
17585.0,0,0,2
17586.0,1,0,1
17587.0,1,0,1
17588.0,0,0,2
17589.0,2,0,0
17590.0,0,0,0
17591.0,0,0,0
17592.0,1,0,1
17593.0,2,0,0
17594.0,0,0,2
17595.0,0,0,1
17596.0,2,0,0
17597.0,0,0,2
17598.0,1,0,1
17599.0,1,0,1
17600.0,1,0,1
17601.0,1,0,1
17602.0,2,0,0
17603.0,0,0,2
17604.0,0,0,2
17605.0,1,0,1
17606.0,1,0,1
17607.0,1,0,1
17608.0,0,0,1
17609.0,0,0,0
17610.0,0,0,2
17611.0,2,0,0
17612.0,2,0,0
17613.0,2,0,0
17614.0,1,0,1
17615.0,0,0,2
17616.0,0,0,2
17617.0,1,0,1
17618.0,2,0,0
17619.0,1,0,1
17620.0,1,0,1
17621.0,0,0,0
17622.0,1,0,1
17623.0,0,0,0
17624.0,0,0,0
17625.0,2,0,0
17626.0,1,0,1
17627.0,1,0,1
17628.0,1,0,1
17629.0,2,0,0
17630.0,1,0,1
17631.0,2,0,0
17633.0,0,0,0
17634.0,0,0,0
17635.0,1,0,1
17636.0,0,0,1
17637.0,0,0,1
17638.0,1,0,1
17639.0,0,0,2
17640.0,0,0,2
17642.0,0,0,2
17643.0,1,0,1
17644.0,2,0,0
17646.0,0,0,0
17647.0,0,0,1
17648.0,0,0,2
17649.0,0,0,2
17650.0,1,0,1
17651.0,2,0,0
17652.0,2,0,0
17653.0,0,0,0
17654.0,1,0,1
17655.0,2,0,0
17656.0,0,0,2
17657.0,1,0,1
17658.0,0,0,1
17659.0,2,0,0
17660.0,1,0,1
17662.0,1,0,1
17663.0,2,0,0
17664.0,0,0,0
17665.0,1,0,1
17666.0,2,0,0
17667.0,2,0,0
17668.0,0,0,0
17669.0,2,0,0
17670.0,1,0,1
17671.0,0,0,0
17672.0,2,0,0
17673.0,2,0,0
17674.0,0,0,1
17675.0,2,-1,0
17676.0,2,0,0
17677.0,2,0,0
17678.0,1,0,1
17679.0,0,0,0
17680.0,0,0,0
17681.0,1,0,2
17682.0,2,0,0
17683.0,1,0,1
17684.0,1,0,1
17685.0,2,0,0
17686.0,2,0,0
17687.0,1,0,1
17688.0,1,0,1
17689.0,1,0,1
17690.0,2,0,0
17691.0,1,0,1
17692.0,0,0,0
17693.0,1,0,1
17694.0,0,0,2
17695.0,0,0,2
17696.0,2,0,0
17697.0,1,0,1
17698.0,1,0,1
17699.0,1,0,1
17700.0,2,0,0
17701.0,1,0,1
17702.0,0,0,0
17703.0,0,0,0
17704.0,1,0,1
17705.0,2,0,0
17706.0,2,0,0
17707.0,0,0,2
17708.0,0,0,2
17709.0,0,0,2
17710.0,1,0,1
17711.0,0,0,1
17712.0,1,0,1
17713.0,0,0,2
17714.0,0,0,2
17715.0,1,0,1
17716.0,2,0,0
17717.0,1,0,1
17718.0,1,0,1
17719.0,2,0,0
17720.0,2,0,0
17721.0,1,0,1
17722.0,0,0,2
17723.0,0,0,0
17724.0,0,0,2
17725.0,2,0,0
17726.0,0,0,2
17727.0,0,0,1
17728.0,2,0,0
17729.0,1,0,1
17730.0,2,0,0
17731.0,0,0,2
17732.0,0,0,2
17733.0,0,0,1
17734.0,0,0,2
17735.0,2,0,0
17736.0,0,0,0
17737.0,0,0,1
17738.0,2,0,0
17739.0,2,0,0
17740.0,1,0,1
17741.0,1,0,1
17742.0,0,0,0
17743.0,1,0,1
17744.0,2,0,0
17745.0,1,0,1
17746.0,0,0,1
17747.0,1,0,1
17748.0,1,0,1
17749.0,0,0,2
17750.0,2,0,0
17751.0,1,0,1
17752.0,1,0,1
17753.0,1,0,1
17754.0,2,0,0
17756.0,1,0,1
17757.0,2,0,0
17758.0,2,0,0
17759.0,0,0,0
17760.0,0,0,0
17761.0,0,0,1
17762.0,1,0,1
17763.0,1,0,1
17764.0,0,0,2
17765.0,0,0,2
17766.0,1,0,1
17767.0,0,0,1
17768.0,2,0,0
17769.0,2,0,0
17770.0,0,0,2
17771.0,0,0,1
17772.0,0,0,0
17773.0,1,0,1
17774.0,0,0,0
17775.0,1,0,1
17776.0,1,0,1
17777.0,0,0,0
17778.0,1,0,1
17779.0,0,0,0
17780.0,1,0,1
17781.0,1,0,1
17782.0,1,0,1
17783.0,0,0,1
17784.0,1,0,1
17785.0,0,0,1
17786.0,1,0,1
17787.0,0,0,2
17788.0,0,0,1
17789.0,1,0,1
17790.0,2,0,0
17791.0,1,0,1
17792.0,1,0,1
17793.0,1,0,1
17794.0,1,0,1
17795.0,1,0,1
17796.0,0,0,0
17797.0,0,0,0
17798.0,1,0,1
17799.0,2,0,0
17800.0,0,0,0
17801.0,1,0,1
17802.0,2,0,0
17803.0,1,0,1
17804.0,1,0,1
17805.0,0,0,1
17806.0,0,0,1
17807.0,1,0,1
17808.0,1,0,1
17809.0,2,0,0
17810.0,1,0,1
17811.0,2,0,0
17812.0,0,0,0
17813.0,0,0,0
17814.0,1,0,1
17815.0,1,0,1
17816.0,0,0,1
17817.0,0,0,0
17818.0,1,0,1
17819.0,2,0,0
17820.0,1,0,1
17821.0,1,0,1
17822.0,0,0,2
17823.0,1,0,1
17824.0,1,0,1
17825.0,1,0,1
17826.0,1,0,1
17827.0,2,0,0
17828.0,0,0,0
17829.0,0,0,2
17830.0,0,0,0
17831.0,1,-1,1
17832.0,1,0,1
17833.0,1,0,1
17834.0,1,0,1
17835.0,0,0,0
17836.0,1,0,1
17837.0,0,0,0
17838.0,2,0,0
17839.0,1,0,1
17840.0,1,0,1
17841.0,2,-1,0
17842.0,1,0,1
17843.0,1,0,1
17844.0,1,0,1
17845.0,1,0,1
17846.0,0,0,1
17847.0,1,0,1
17848.0,2,0,0
17849.0,0,0,2
17850.0,2,-1,0
17851.0,0,0,2
17852.0,0,0,0
17853.0,0,0,2
17854.0,0,0,2
17855.0,1,0,1
17856.0,0,0,0
17857.0,2,0,0
17858.0,2,0,0
17859.0,1,0,1
17860.0,0,0,2
17861.0,2,0,0
17862.0,0,0,2
17863.0,2,0,0
17864.0,0,0,0
17865.0,2,-1,0
17866.0,0,0,2
17867.0,2,0,0
17868.0,1,0,1
17869.0,0,0,2
17870.0,2,0,0
17871.0,0,0,2
17872.0,1,0,1
17873.0,2,0,0
17874.0,0,0,2
17875.0,1,0,1
17876.0,0,0,2
17877.0,1,0,1
17878.0,0,0,2
17879.0,1,0,1
17880.0,1,0,1
17881.0,1,0,1
17882.0,1,0,1
17883.0,0,0,0
17884.0,2,0,0
17885.0,0,0,1
17886.0,0,0,0
17887.0,1,0,1
17888.0,2,0,0
17889.0,0,0,2
17890.0,1,0,1
17891.0,1,0,1
17892.0,0,0,1
17893.0,1,0,1
17894.0,2,0,0
17895.0,1,0,1
17896.0,1,0,1
17897.0,0,0,0
17898.0,0,0,1
17899.0,1,0,1
17900.0,1,0,1
17901.0,0,0,1
17902.0,1,0,1
17903.0,1,0,1
17904.0,1,0,1
17905.0,2,0,0
17906.0,1,0,1
17907.0,1,0,1
17908.0,0,0,2
17909.0,1,0,1
17910.0,1,0,1
17911.0,0,0,1
17912.0,1,0,1
17913.0,2,0,0
17914.0,0,0,1
17915.0,1,0,1
17916.0,1,0,1
17917.0,0,0,1
17918.0,1,0,1
17919.0,0,0,2
17920.0,2,0,0
17921.0,0,0,0
17922.0,1,0,1
17923.0,1,0,1
17924.0,2,0,0
17925.0,1,0,1
17926.0,0,0,2
17927.0,1,0,1
17928.0,0,0,1
17929.0,2,0,0
17930.0,2,0,0
17931.0,2,0,0
17932.0,0,0,0
17933.0,1,0,1
17934.0,0,0,1
17935.0,0,0,2
17936.0,0,0,1
17937.0,2,0,0
17938.0,1,0,1
17939.0,1,0,1
17940.0,2,0,0
17941.0,0,0,2
17942.0,1,0,1
17944.0,1,0,1
17945.0,1,0,1
17946.0,1,0,1
17947.0,1,0,1
17948.0,1,0,1
17949.0,2,-1,0
17950.0,0,0,2
17951.0,0,0,2
17952.0,1,0,1
17953.0,1,0,1
17954.0,2,0,0
17955.0,0,0,2
17956.0,1,-1,1
17957.0,1,0,1
17958.0,0,0,1
17959.0,1,0,1
17960.0,1,0,1
17961.0,2,0,0
17962.0,0,0,2
17963.0,1,0,1
17964.0,0,0,1
17965.0,2,0,0
17966.0,0,0,0
17967.0,1,0,1
17968.0,1,0,1
17969.0,2,0,0
17970.0,1,0,1
17971.0,1,0,1
17972.0,1,0,1
17973.0,1,0,1
17974.0,0,0,0
17975.0,2,0,0
17976.0,1,0,1
17977.0,0,0,0
17978.0,0,0,2
17979.0,0,0,0
17980.0,0,0,2
17981.0,1,0,1
17982.0,1,0,1
17983.0,1,0,1
17984.0,0,0,2
17985.0,0,0,1
17986.0,1,-1,1
17987.0,0,0,2
17988.0,0,0,0
17989.0,1,0,1
17990.0,0,0,2
17991.0,1,0,1
17992.0,1,0,1
17993.0,1,0,1
17994.0,0,0,0
17995.0,1,0,1
17996.0,1,0,1
17997.0,0,0,2
17998.0,1,0,1
17999.0,0,0,1
18000.0,1,0,1
18001.0,0,0,0
18002.0,1,0,1
18003.0,1,0,1
18004.0,1,0,1
18005.0,0,0,1
18006.0,0,0,0
18007.0,1,0,1
18008.0,2,0,0
18009.0,0,0,2
18010.0,1,0,1
18011.0,1,0,1
18012.0,1,0,1
18013.0,1,0,1
18014.0,1,0,1
18015.0,0,-1,1
18016.0,0,0,0
18017.0,0,0,2
18018.0,0,0,1
18019.0,1,0,1
18020.0,1,0,1
18021.0,1,0,1
18022.0,0,0,2
18024.0,1,0,1
18025.0,0,0,2
18026.0,1,0,1
18027.0,1,0,1
18028.0,1,0,1
18029.0,1,0,1
18030.0,0,0,1
18031.0,1,0,1
18032.0,1,0,1
18033.0,1,0,1
18034.0,0,0,0
18035.0,0,0,2
18036.0,0,0,0
18037.0,0,0,2
18038.0,1,0,1
18039.0,1,0,1
18040.0,0,0,1
18041.0,2,0,0
18042.0,1,0,1
18043.0,0,0,0
18044.0,2,0,0
18045.0,1,0,1
18046.0,1,0,1
18047.0,1,0,1
18048.0,1,0,1
18049.0,1,0,1
18050.0,1,0,1
18051.0,0,0,2
18052.0,0,0,2
18053.0,0,0,1
18054.0,1,0,1
18055.0,2,0,0
18056.0,1,0,1
18057.0,1,0,1
18058.0,0,0,0
18059.0,0,0,1
18060.0,1,0,1
18061.0,2,0,0
18062.0,0,0,2
18063.0,1,0,1
18064.0,2,0,0
18065.0,2,0,0
18066.0,0,0,2
18067.0,1,0,1
18068.0,1,0,1
18069.0,2,0,0
18070.0,1,0,1
18071.0,0,0,2
18072.0,1,0,1
18073.0,2,0,0
18074.0,1,0,1
18075.0,2,0,0
18076.0,1,0,1
18077.0,2,0,0
18078.0,0,0,2
18079.0,0,0,2
18080.0,0,0,0
18081.0,0,0,1
18082.0,0,0,1
18083.0,1,0,1
18084.0,0,0,0
18085.0,0,0,2
18086.0,1,0,1
18087.0,2,0,0
18088.0,1,0,1
18089.0,1,0,1
18090.0,1,0,1
18091.0,1,0,1
18092.0,2,0,0
18093.0,0,0,0
18094.0,2,0,0
18095.0,0,0,2
18096.0,0,0,0
18097.0,2,0,0
18098.0,1,0,1
18099.0,1,0,1
18100.0,1,0,1
18101.0,0,0,0
18102.0,2,-1,0
18103.0,1,0,1
18104.0,0,0,1
18105.0,1,0,1
18106.0,0,0,2
18107.0,1,0,1
18108.0,1,0,1
18109.0,2,0,0
18110.0,0,0,1
18111.0,1,0,1
18112.0,0,0,0
18113.0,1,0,1
18114.0,1,0,1
18115.0,1,0,1
18116.0,2,0,0
18117.0,1,0,1
18118.0,2,0,0
18119.0,1,0,1
18120.0,1,0,1
18121.0,1,0,1
18122.0,0,0,0
18123.0,0,0,0
18124.0,1,0,1
18125.0,0,0,0
18126.0,1,0,1
18127.0,0,0,0
18128.0,1,0,1
18129.0,1,0,1
18130.0,0,0,0
18131.0,1,0,1
18132.0,1,0,1
18133.0,1,0,1
18134.0,1,0,1
18135.0,0,0,0
18136.0,0,0,2
18137.0,1,0,1
18138.0,1,0,1
18139.0,2,0,0
18140.0,1,0,1
18141.0,1,0,1
18142.0,0,0,1
18143.0,0,0,1
18144.0,2,0,0
18145.0,2,0,0
18146.0,1,0,1
18147.0,1,0,1
18148.0,1,0,1
18149.0,0,0,2
18150.0,0,0,1
18151.0,0,0,2
18152.0,1,0,1
18153.0,1,0,1
18154.0,0,0,0
18155.0,0,0,1
18156.0,0,0,0
18157.0,1,0,1
18158.0,0,0,1
18159.0,1,0,1
18160.0,0,0,1
18161.0,0,0,0
18162.0,1,0,1
18163.0,1,0,1
18164.0,1,0,1
18165.0,1,0,1
18166.0,1,0,1
18167.0,0,0,0
18168.0,2,0,0
18169.0,1,0,1
18170.0,2,0,0
18171.0,0,0,0
18172.0,2,0,0
18173.0,0,0,2
18174.0,0,0,1
18175.0,1,0,1
18176.0,1,0,1
18177.0,0,0,0
18178.0,2,0,0
18179.0,2,0,0
18180.0,2,0,0
18181.0,0,0,0
18182.0,1,0,1
18183.0,1,0,1
18184.0,1,-1,1
18185.0,1,0,1
18186.0,1,0,1
18187.0,1,0,1
18188.0,2,0,0
18189.0,0,0,2
18190.0,0,0,2
18191.0,1,0,1
18192.0,0,0,1
18193.0,0,0,2
18194.0,0,0,0
18195.0,1,0,1
18196.0,0,0,2
18197.0,1,0,1
18198.0,2,0,0
18199.0,1,0,1
18200.0,1,0,1
18201.0,1,0,1
18202.0,0,0,2
18203.0,0,0,2
18204.0,0,0,2
18205.0,0,0,1
18206.0,1,0,1
18207.0,1,0,1
18208.0,1,0,1
18209.0,1,0,1
18210.0,2,0,0
18211.0,0,0,0
18212.0,1,0,1
18213.0,1,0,1
18214.0,0,0,2
18215.0,0,0,2
18216.0,0,0,1
18217.0,0,0,0
18218.0,0,0,2
18219.0,2,0,0
18220.0,0,0,2
18221.0,0,0,0
18222.0,1,0,1
18223.0,2,0,0
18224.0,1,0,1
18225.0,2,0,0
18226.0,2,0,0
18227.0,1,0,1
18228.0,0,0,1
18229.0,2,0,0
18230.0,2,0,0
18231.0,2,0,0
18232.0,0,0,1
18233.0,1,0,1
18234.0,1,0,1
18235.0,0,0,2
18236.0,2,0,0
18237.0,0,0,0
18238.0,1,0,1
18239.0,0,0,2
18240.0,1,0,1
18241.0,2,0,0
18242.0,0,0,0
18243.0,1,0,1
18244.0,1,0,1
18245.0,2,0,0
18246.0,0,0,0
18247.0,1,0,1
18248.0,0,0,1
18249.0,1,0,1
18250.0,1,0,1
18251.0,2,0,0
18252.0,0,0,2
18253.0,1,0,1
18254.0,1,0,1
18255.0,1,0,1
18256.0,1,0,1
18257.0,2,0,0
18258.0,0,0,2
18259.0,2,0,0
18260.0,2,0,0
18261.0,0,0,1
18262.0,0,0,1
18263.0,0,0,0
18264.0,1,0,1
18265.0,0,0,1
18266.0,1,0,1
18267.0,1,0,1
18268.0,0,0,2
18269.0,1,0,1
18270.0,0,0,1
18271.0,1,0,1
18272.0,2,0,0
18273.0,0,0,0
18274.0,1,0,1
18275.0,1,0,1
18276.0,0,0,2
18277.0,0,0,2
18278.0,1,0,1
18279.0,1,0,1
18280.0,1,0,1
18281.0,1,0,1
18282.0,0,0,1
18283.0,2,0,0
18284.0,1,0,1
18285.0,1,0,1
18286.0,1,0,1
18287.0,0,0,0
